customer_id,credit_score,number_of_credit_accounts,total_credit_limit,total_credit_used,number_of_late_payments,bankruptcies
ab00fb13-5d84-4da3-b4c7-62c74f080f81,458,6,15958.26,3465.71,3,0
8e7edddf-83c1-41c8-a32b-3c6772c33d12,570,10,6678.72,1822.21,5,0
2d1f0ed0-78a1-4419-89a2-aa86e46ea689,733,1,4938.43,1723.13,4,1
70c287d7-1192-4496-89d2-2489eed41c92,530,1,8394.73,8305.87,1,1
fb3701ed-ccc2-4a4e-9f1f-d07cd251b8e6,337,10,26273.94,2046.3,0,0
8ca8e336-56c1-4086-a273-18a16cf8bf53,666,9,20871.79,7405.85,1,0
c530827b-1e6f-4839-944c-7ebb5ab80a47,785,7,40019.09,37628.53,3,0
3029a16a-a1cf-455c-887d-dc0a42a25dad,464,10,41753.56,35627.9,4,1
f12cde8a-8ba6-46c2-88bd-842853c568ca,382,8,36043.09,17931.53,2,0
f8b616d3-9544-4e40-952d-883a479a0b29,572,10,31727.6,20058.17,4,1
3e5db2ad-6571-483f-b339-3e3e6fb4d678,411,8,38913.1,23239.1,3,0
061c389d-98c0-41f7-9105-5a7c36e6c1f7,316,7,38377.64,10795.01,5,1
7fd9cbae-27e3-4a97-b480-fe3beb1cb558,632,8,15044.52,12717.18,1,1
921294e9-476f-4063-ad9e-71930502ce7c,635,6,10198.89,9931.46,5,1
f3ed0ee1-2f6b-4010-8e09-d504b3017c90,354,2,8072.17,2294.46,2,1
fcb5b0b3-33a5-45b9-b528-3511676b20bb,724,8,12537.27,3747.38,3,0
89999184-2132-40de-9843-bf4c3b25a927,314,5,20835.91,6517.09,5,0
aaae0228-d2e4-4a34-b09c-f3a41f4b0d93,388,7,8874.26,1440.6,5,0
bc617c46-6a7c-491f-850f-e61734e68405,808,2,40918.71,37622.65,2,0
577deb9c-cc66-48f7-a18d-9b614b80ef15,791,9,7383.18,4425.55,5,0
85b8f344-e028-4983-9b12-82a779eb1037,526,5,41547.11,35598.16,5,1
f107e358-7d08-4349-b890-754d9cc3ba8a,687,7,42303.05,28314.03,1,0
261b0ba3-4ab6-48b3-ad97-5df4089ee46b,570,7,14456.47,4292.22,3,1
04ac51d8-a439-4ac5-8703-54421e1c6171,824,10,6370.12,3844.43,5,1
e69e013f-71a8-4074-b94a-2f6d5f3acb7d,589,6,5896.48,4839.65,2,1
92b26cca-6701-4d16-9dcd-5d5d91c9f3aa,534,9,17580.91,12153.47,4,1
0446c0fb-6cf1-437f-bced-4f893e456c61,803,4,35728.34,35698.33,5,0
bc431195-81fc-4c05-83c7-6a2f66630764,703,3,40126.55,13405.1,4,1
6116e4ae-d4ca-458b-b115-8b7af46a6082,659,1,48993.98,24035.79,2,0
da8aeafc-8443-4c45-8021-f399036b557b,636,10,9125.93,7813.43,1,0
d998be4d-fdba-4d85-958a-b4ee69ebf88b,522,5,48593.82,27153.46,3,1
5b129c9e-943b-4961-b7d3-fc8c9369a010,591,3,32044.27,15181.81,5,0
9e959379-06af-4c74-8239-3260d44e5889,708,10,16548.03,11601.4,3,1
77ce562d-c301-492a-bd9f-1e568bd18785,842,2,10363.05,7088.39,5,0
93d53274-dab6-497b-bbe6-cafb57a841f3,605,6,24656.28,15008.22,0,1
2edca212-a52f-4df2-99ab-40df3603d8b2,395,2,22593.45,15752.33,1,1
10d3ff77-e346-4021-b3e1-d5bea6b5b799,333,9,21128.82,6200.69,5,1
465f1f72-e11b-4c98-9791-ce0d52180fac,306,3,38873.42,34589.22,4,0
1dfeb08a-2993-4a3f-91de-d59b496416e7,805,3,12612.79,5165.07,0,0
405a0126-fcb9-4b65-9af9-92b63b6b2b45,765,4,49240.42,8266.94,1,0
328ea2ac-98be-425c-8183-60801b709ed3,314,4,22804.45,19411.1,1,0
de36f427-2e13-45bd-a54c-36952b23dc80,315,8,46438.36,29579.48,2,0
64871ef5-a2b1-4f04-8ce4-0100b6bf169a,758,6,19943.67,9547.99,1,0
041d2def-4494-499b-a240-8233b3656494,819,2,45585.16,45481.25,2,0
846c6ac1-4eac-480f-92f3-2ec8290ef088,357,1,46406.14,40072.4,5,1
17ed005c-04de-4924-ae73-bcd8d991583d,822,6,34013.84,29335.73,4,1
69e42367-064c-4ed7-b3d7-40b1396655e6,572,7,30272.86,1543.3,5,0
46d7c3d0-41ae-47ea-8f55-82b433fb3740,770,1,18187.01,4335.82,3,1
1ceaa33a-f0df-4b87-97fd-71d793ef30cf,759,5,25814.99,25332.54,0,0
bc9e8c79-0de3-4fb7-8ce5-30ea3c99ce4a,729,9,13340.73,12988.16,0,1
0c9b6f70-4b4c-4308-86fd-2707620967e0,306,6,25065.4,7711.65,4,1
15871a85-cfd9-4de0-a05c-d8a088d05f08,620,5,35450.1,31337.37,3,0
01a897b5-06fd-493d-b1bb-ec8a3e276efc,585,7,11944.3,9187.35,4,0
f671909c-9ff0-4782-94f2-caa7488bed95,669,7,29546.71,27307.56,2,0
f607cb3b-2bdc-4b0d-90ea-c13683827a91,436,6,9556.69,8286.0,0,0
a16a7dad-7d13-4296-a90b-0b893433ffce,315,5,27033.34,6103.87,0,0
ebeda860-b079-464e-bcae-80b5fed4521b,409,9,12815.85,7443.28,4,1
a184d213-4b87-4f88-b6dc-4ab3fecf44ce,776,5,20650.36,11167.81,4,1
661835c3-3793-4ce1-a234-9a3009a1e47b,707,7,38071.74,11688.44,2,0
694961d1-3551-482d-9ceb-8e20c81c2e90,652,4,27885.0,4400.11,1,1
08e21b61-226f-4898-a407-2ba53ed38f83,358,6,18009.08,15918.12,1,1
86e1dfac-23f0-40b7-b394-229246f12de2,671,8,33564.69,4910.33,5,1
0708893d-3bdf-473f-a3a7-62df86b42136,414,8,35616.47,27173.21,2,1
720ad0f1-8151-4782-94b6-318daeca3779,725,1,14913.54,3416.66,5,1
e39c76ef-733f-46ea-8199-fab408e78dac,820,10,39478.11,21523.07,1,1
a6fc987e-8ae2-4c6b-aa61-896193d840e3,432,5,1307.48,940.75,4,0
492b179e-3fec-4217-8c9f-0017dc513369,764,2,12391.75,9188.92,0,0
6d883761-3178-4a68-b078-81348946dc6e,746,4,37719.66,11387.07,1,0
1a35ea7d-ac01-4f89-9d27-55d3088236e3,639,4,41403.53,5762.04,5,0
95136ee6-855d-46e2-ab1a-171376700271,553,3,13270.83,4363.12,2,1
e114c364-5591-4600-b39e-0bd3e2e8f1ec,472,6,26001.95,10844.49,5,0
230dbb6a-f36d-478b-b93b-1bd009ac55d0,506,10,24721.41,4622.68,1,1
fa042157-1201-4253-9b00-31be3e9f78d4,630,2,18418.23,4429.74,4,0
7b2ca57e-c5d6-438c-8e18-ff32c9e124a4,638,2,7275.35,1127.52,3,1
23f36215-f902-48fe-853e-b3287a1cb4bf,747,8,27789.17,11470.67,1,1
644dbeb3-6baa-46a0-ba32-f1a078281781,415,7,1143.58,261.59,2,1
0f003b9f-9a6f-42ec-b828-b47e42c8cd60,679,4,3253.85,1357.27,3,1
b13f445c-8b96-410d-953c-8353b5fb255f,587,10,49093.03,10393.71,5,0
22173f57-b4a9-49ec-95f3-3752109f7bb6,441,7,18017.8,12464.7,1,1
3f9db2fb-32b3-4ae1-8507-ae198828694e,561,6,32477.31,8952.56,0,0
00dfb860-9b30-43c6-a914-553973c4dc6b,346,5,7266.94,620.86,1,0
d677af25-a4f0-4b0a-a40a-f91ebaa008e8,530,1,26626.74,8421.52,1,0
c5de2535-75a8-4abd-8b49-f07af1e7968e,330,1,40132.01,27572.08,0,0
5642069d-532d-4ad5-8221-7980c8f26b6e,644,5,11533.03,11154.18,2,0
ee23318e-12e6-46f2-8e3c-239d44e93bc7,754,1,35649.05,18601.53,5,0
9d7f84eb-9a82-45c8-9dfb-f47aad54a6af,784,4,25059.1,5719.27,3,1
1c25abc3-fc18-4964-aa88-3e58677b6638,516,2,8399.29,119.69,0,0
bb846d05-ab80-4445-aa10-aeaec12ec57f,410,8,15147.63,4901.22,1,0
07b6da3f-78db-471e-b7ad-37d0515e8108,318,2,47811.88,29570.72,4,0
38e59fe1-3ba6-4c16-9d5b-32e08c0d23a1,736,7,5229.13,4006.06,5,1
3ddb52d6-1b7f-44f2-be6a-96ff124c67f8,672,4,42059.56,27272.72,5,1
dafcbf76-5793-463a-b019-03988e1875f2,716,5,49659.37,40274.18,5,1
66cbe882-39d7-408f-a57c-40e71b31efcb,703,6,30847.86,15221.79,1,0
951b7346-11d4-4d48-8ca3-f87581cbb683,525,8,24673.71,7613.56,4,0
0ebd5a55-449e-4316-9f22-80228edb409b,384,10,26740.92,7719.29,0,0
e2a41955-4301-4ba0-b032-ffc0294fefc4,414,7,35778.97,7348.86,1,0
c63f5640-f75b-4849-ba5d-9037562683ba,382,7,28758.75,24769.58,1,0
57621e4d-667a-4d4f-a233-35479a40d63b,602,7,4984.27,801.68,5,0
0b5c6953-4829-4893-8bce-681c08384848,420,10,44177.63,13342.13,5,0
2e277e60-8321-47d1-99f7-906953c9fce5,757,2,26665.38,17045.26,2,1
f62265e9-39dc-464c-b71f-43bb1fef2f2c,603,2,44651.25,2464.31,1,1
df8ac4a5-12e9-4236-87fb-3d01beb2642a,441,7,10576.96,7743.02,2,1
29fd85ad-9fcb-4391-b4e8-ade831bedd48,557,3,34023.95,19192.97,0,0
6c1ad38c-4a6f-41ee-955d-134b13122e04,664,9,42646.72,16847.2,3,1
6d71db08-478a-4e5b-8fe0-acbb5a31620f,649,7,3948.31,3026.01,4,0
69c15822-f11c-4297-8657-3df11f19e6b4,511,2,43876.36,38041.39,3,1
bc42838a-6a29-4648-b8d1-e7b7d1d1367d,413,3,8324.57,7477.88,3,0
b1e5d1ae-d3a9-43ec-b2b2-d60f1746a6d0,320,7,45777.86,22570.59,5,1
6bc094b4-51b4-4a23-8178-b8e080ca2173,635,8,48918.53,19316.45,1,1
758448c2-c6ed-498a-826e-5be3fd9db92e,460,9,48784.15,14100.09,3,0
a279c499-8a16-4b44-89a2-eb26fd0b41e2,513,9,19670.38,169.56,3,0
2683e776-5800-4172-b2dc-a87801343b57,687,10,29387.86,1040.17,3,0
8502794b-cb8b-4855-9dc2-63b688b7335f,826,4,27114.47,14903.44,2,1
282b2622-688f-4e31-a2a7-32a88bc3e08a,707,1,13099.52,423.06,2,0
09dd1878-55ca-4a75-879a-9ac286ed6e55,636,9,27888.86,20893.75,1,1
510f05ed-a73e-43ea-8224-a9f4a60c31fb,662,8,30108.32,3778.98,2,1
be250fee-80ee-400c-888e-ac226c5ef947,836,3,42856.45,38421.08,1,1
f7e8d634-1eaa-44ed-9bc7-ff26775a0870,655,2,5355.9,1131.62,1,0
74051b59-4314-46d1-8393-8d1477020d70,483,4,8672.96,1279.4,5,0
2c9e0555-d8e9-4c8a-902b-101eecc98bd3,433,6,6407.14,5412.07,2,1
286ed9fe-06a8-471c-8b5b-0fa2c0b08ec8,821,6,16347.65,14633.0,1,1
1af73e72-e2c0-40a8-9dfd-205fca197c4d,660,1,36138.97,35355.77,1,0
86d4b19e-9b4c-4660-a018-37822983c168,823,9,10256.94,730.73,0,1
70cdd5da-3d0b-49d6-b6dd-a3161574912c,452,5,3443.5,1294.15,5,0
b857a5dd-51a6-4311-883b-f9a1c3e069cb,440,1,40988.4,29990.54,2,1
7b8abdc2-a731-4c74-893c-8ebef78b97c0,452,8,48286.42,27805.81,3,0
23881fac-97a5-46fb-bee2-fa9f7e4d9726,406,1,35991.04,35878.43,0,1
7d372324-d204-4791-9fe0-9488acb645e0,501,1,47334.67,237.47,2,1
aae59dbb-b68a-43a8-b27e-19640303a7e9,586,10,33957.87,30933.08,3,1
91ec24e0-81da-4b3f-b020-6869546d24fb,611,4,8154.27,2544.56,1,0
65461470-f10d-4411-9e0a-61290b2c080b,352,3,21003.12,6322.5,4,0
f290b148-204d-4cf3-b77a-192cdee856e9,639,6,44856.86,29458.32,3,0
485f9397-39fe-49ec-b43d-bd86674b4ebc,714,10,28122.26,26909.95,5,1
df581c5f-4c03-4251-892b-5525555a26c5,457,9,30295.17,17590.16,3,1
1bc9796d-e4f0-4dbc-85cc-e27aa89755e0,498,3,17443.17,9302.6,5,1
679fea31-608a-425c-b00f-35968e768734,546,5,18833.65,3170.31,3,1
f27b7667-235d-4c9c-ac5d-a88149836492,762,1,15161.9,2946.95,4,1
d58c84ee-af7e-4490-989b-8d525ef72183,316,10,15222.36,5859.7,2,1
ef232791-2a47-4813-86b8-3536a83d2e8e,337,9,13740.78,7376.83,0,0
6288da2b-e4e0-4927-b419-6ba7979d451a,820,3,4818.43,1299.32,3,1
5dcaf2c2-f265-4390-aae9-f9a43222b4d3,659,9,47351.15,21655.72,0,0
e8ee40cb-2f80-4d32-bf03-614540757607,301,4,23798.32,6857.16,3,1
aa7c4208-fcaf-41d3-b15a-da60e60b9c1d,316,4,1541.41,66.95,4,1
53081723-e98b-4eb1-8e78-babb77aeeb8a,352,6,17437.57,11457.18,2,1
403d3333-b6c8-489f-adcf-03c6cf5509dd,539,8,22922.97,12140.0,5,1
0f79a8cc-e2c7-4007-83d8-69007f349349,508,4,28306.39,22362.81,4,0
10acb1e6-23a0-4363-bc25-77f7af97b3f1,664,9,29265.07,18243.18,4,1
5c9c0213-9db5-449a-8ab4-31cb5a0c5fa2,541,1,32595.26,1390.87,2,1
0bc03c29-4eaa-4891-a1d0-baa8e3cbf764,725,5,25700.95,6690.52,4,0
f70eb970-c6ca-46ab-94da-4d2d878e49e9,689,7,2169.97,1384.09,5,1
760c8d3c-38b9-43c6-83bc-56c30b2886c2,794,3,20673.59,11619.26,3,1
24981412-ca96-4e8b-950f-5830204f0ff4,475,9,47609.4,26524.39,5,1
5dc766e7-700a-4246-ad9d-0e7303769779,520,5,23394.18,11780.55,3,1
7509f26f-fd27-41b0-9f54-5573abda7667,515,7,35969.73,1018.55,5,1
d63ae4b7-d37e-4c8a-9f7a-d44ff9c92033,602,9,21439.46,16755.5,5,0
7851d564-4e8b-4d9e-a06c-a5c9ac35728f,592,3,44685.06,13154.63,0,1
51b808c5-679e-4704-befc-d0122093bcd2,691,3,14737.38,8835.54,0,0
979fec2a-6835-401c-9966-83b6e16eb510,424,4,25205.8,23954.82,4,1
1015e076-6346-451a-b163-6df848687563,391,1,11057.45,2586.21,2,1
ddcd5e40-6609-429e-80d5-cfb0c37a6104,500,10,27352.61,7672.09,1,0
4eed6ea1-2240-410a-af6d-e38bdba8b6bd,641,2,10319.58,8621.53,5,1
59fc03da-1499-48a3-950c-c63c2a56428f,351,9,16756.66,4129.65,1,1
523eb20a-37c6-490f-ade5-14219c2c9058,667,6,39003.95,9525.73,2,0
d1f07660-c57e-416d-a6b9-5126b50d16c9,340,1,49922.1,26161.51,1,0
03bed57e-a2ec-4a1e-abb2-14ba28621105,344,10,31078.77,10161.63,0,0
e10ad8bd-fc9d-4718-a63c-4ab002d45ce6,626,3,11119.7,7419.72,3,1
b9eb2ca3-7f36-4eb4-a3c4-26827a423661,659,8,21379.03,8653.37,1,1
001f2da9-9a28-4105-8126-64a20f6e7eed,545,5,28217.99,15752.19,2,0
d3c61856-85da-4124-9784-937b4cf14eb0,393,1,8951.99,2056.15,3,1
b5d95cdf-24de-4cf1-9184-fd839dfc803a,748,3,40029.53,11221.47,5,1
d22edcd0-a052-4c6e-8880-6ef7edf4a515,696,10,9594.93,845.84,4,0
93cfe8b7-6359-4d17-9dd4-9a245649fe27,600,9,23223.52,20480.95,3,0
cace060b-3e24-461f-a829-1ca0984edab8,313,8,21669.45,8198.83,2,0
22cb2027-3bf5-45df-9b78-348eceed1ef0,315,6,23900.38,378.47,4,1
ae735b75-a3b2-47f2-8513-de3a874f0e1a,781,9,11718.02,9208.21,4,0
2ae341ac-e8f3-4f44-91e9-4f648dab5fd3,825,6,37031.49,30237.28,3,0
485e9c9a-9c64-4c2b-a998-5f1bf315facd,686,9,34865.58,16059.35,4,0
7deac684-c90c-4736-a6c0-3c706b2850fe,423,8,42602.87,15472.29,1,1
eafea9b8-92be-4d82-8ded-cdcb3bfa03ed,647,9,33438.15,7342.5,4,1
ef515441-3789-400c-aebf-3d92ecb3c643,585,1,25149.8,9494.08,4,0
7c20021c-9b55-4ee6-a8b6-26e4768b521f,707,6,45937.82,10820.35,4,1
e6674715-da32-4a92-9174-6e3b5ff9bff4,489,10,39933.55,32736.39,3,0
6e828037-d012-40aa-a34f-512c82c1958f,659,10,11876.44,3800.87,3,0
7d4dbef4-d98c-4294-9626-8ed4ff01d1e1,673,2,35842.46,8283.14,0,1
93c7ddad-dac8-4bf2-b666-3c6d14bb4170,469,8,9846.01,5097.79,5,0
69a469a5-577a-4693-b779-0e9c46984fb8,555,10,21821.18,2730.15,4,0
49b29aaf-0a48-4bc2-9c0a-3ffd14782ea0,556,6,21434.24,3707.09,2,0
757d9a84-3d24-412d-91c3-5317e16f70b0,607,10,10184.85,7926.13,2,1
418357c4-2429-4356-b8f9-295e224c8555,345,7,21414.75,4705.43,5,0
b9b279e5-198e-4164-bc7e-565d8feee08d,675,10,13949.73,10964.28,0,1
cbaa9627-fb4c-4aca-8e81-62c69c08f57c,488,3,23877.32,19419.96,2,0
d5e18699-cc1d-4666-a81c-9bf2aad8d423,558,1,44721.49,33792.31,3,0
d15b3423-37c7-4966-afc8-c700cce7a185,750,2,14420.98,9141.22,3,1
dbf2c5dd-e2f5-46ca-890d-61a02210f12d,712,5,13193.97,6867.99,4,1
1c779a85-2940-4165-a63c-995718da8c07,307,5,48182.95,27692.86,3,0
53c9dc89-8066-49be-be01-b130ca952f35,736,8,28186.74,25981.09,4,1
6c97adfd-a2d4-4461-95d7-18441ebc5a37,441,4,21730.85,7863.13,3,0
fc8befe1-faec-4c94-b04e-05539ab3d1ca,387,1,46264.93,29466.31,1,0
ba99287b-ee98-4eed-a98a-e6141b973145,641,8,47481.5,8934.8,3,1
a480242e-e531-4501-a2a7-1109b0e0c360,686,1,9859.17,2818.42,5,1
aaf94aac-b954-42ba-b44b-63b54e39859b,827,10,12490.27,1317.49,0,1
675a807a-3f62-4402-a6ff-7fb8b740e896,480,9,7280.82,5051.36,0,0
3faaa8f3-9bdc-400f-bb55-fa9d40698bd9,635,10,37586.69,26324.49,3,1
0542316a-dc30-4795-a936-8a7e636375bc,760,4,2006.54,1086.01,1,0
c68816cc-e85e-44f9-a6d5-3de4e2168f17,704,9,1053.82,390.52,1,1
f7c28381-160c-4ef1-87d7-15094a4d7a69,353,1,33940.32,28201.39,5,0
024b3100-8182-4a13-afa3-b1afe9d169ab,368,5,16154.53,13585.51,0,0
6a1e3f28-a7fe-4cff-9eab-c6952d36d2ae,772,8,38803.92,4636.48,4,1
f60637e5-9163-4d29-813b-298547caddbf,572,2,33196.31,28349.94,4,1
2cddb1dd-407e-40e6-913c-1b686d990d4d,482,8,14431.98,1318.93,1,1
b125bf65-c276-4e2a-b606-d33de46dee19,422,10,32654.47,29972.94,5,1
e052e09d-c652-41a5-85fe-01c1d8c4c0c8,641,2,6569.26,1164.73,5,1
1711d197-51bc-4b38-a8cc-aa6ceeadf2b9,353,4,21706.05,7763.78,5,1
a63a8204-0c19-4bad-a5b6-18dc4442035e,483,8,23260.03,2608.86,0,0
b59af852-64f5-4841-b03d-e3ffc8edaf58,334,5,27832.99,14185.97,1,1
cdfebb4d-ffb5-47da-8a89-01fedff4273c,840,3,3462.23,3450.56,3,1
f05b2f3a-9d24-439d-9e90-f88157cac79d,711,4,19540.21,17560.61,2,1
ef27d0e1-5139-4ce2-a9d8-2c6628dd43a7,700,1,31968.01,25092.32,1,0
31a72b45-467b-4655-ac23-9aa7e961a4dd,803,5,38518.43,11757.34,2,0
e52326d3-213e-462d-b9d1-640c8222b742,539,1,44391.1,31304.09,0,0
c152c1c3-34d9-446d-aac4-be39836dc02f,302,1,12497.73,8832.74,1,1
060ae0a6-50fb-4179-9756-8e475fc4172f,750,3,39650.43,15483.89,4,0
0ef7a464-9e4a-4723-8dd1-6506851d3750,657,3,19935.58,9476.18,2,0
fd8cd582-218e-4628-b223-5461564e5cbe,389,1,13889.67,7586.65,1,0
7637c02c-700c-43cc-a98b-ccf4088fa077,580,3,4547.16,3251.76,4,1
6911604f-906e-4e28-9779-bd73ebff2ca3,491,9,46966.86,16792.65,4,0
79a03b9d-49ef-4229-a00c-67f4c63bdb21,772,2,2634.11,1104.34,4,1
3216bf79-ac17-4a4c-a5f7-45f3b620daa3,325,2,17428.14,5334.35,0,0
aac139e8-194d-4106-8dfa-5d804a890e4e,704,8,2103.67,1411.17,5,0
804b8653-07c0-4cfc-a6a5-c2ec134f9c20,381,3,11550.23,5658.54,2,0
e8464039-5451-49d1-ba28-78756778eefc,848,5,42315.31,18258.08,3,1
640386f9-645c-4acd-96f9-3d5351359c9f,846,6,39412.0,28587.26,4,1
b5e0ebd8-51cf-40e8-8837-6ff7f2df95af,635,7,38570.35,20006.02,1,1
bd8ecfa7-e37e-4cca-9a6e-29da654dd1f2,789,6,32409.48,18865.29,2,1
b740c01e-9b39-400e-b61a-4e973dd95d12,466,2,22642.97,7541.93,3,0
6e65ab98-6740-4e92-8497-7441fb633f77,604,7,14957.01,3523.69,3,0
a734b1e3-37a0-410e-beeb-0e942eada4d5,681,6,47118.65,9037.96,3,1
0532b10c-2b8c-4917-aaa7-48270f915003,359,7,44199.54,43270.65,5,0
ec1d097c-dc08-48f4-91dc-c146b472235d,445,2,46609.04,37643.71,2,1
3e0e06a8-3297-49bf-b082-ac89b0151773,645,1,46372.19,44650.47,2,0
8550da11-59b2-4c2f-b53f-f2ca6a5239c4,827,2,47488.91,30874.1,3,0
f09242d9-c4a2-4803-bad1-7967e4a8dfe2,390,2,43343.17,14034.78,3,1
1c356ac9-7a4a-4654-bda6-ce19fb1813f9,732,6,20196.05,2881.09,2,0
e203ce61-5090-4208-b2cb-f8577e494253,679,6,34982.89,29500.84,3,1
e7c01451-04ec-4476-88a5-a9ad223fcd8d,659,7,25394.26,23141.15,2,0
ac1309c6-58aa-410a-ad23-ee06b4b1e58f,711,8,2371.71,794.98,4,0
7c26c8e1-657b-445b-91e1-e1f31887c09c,507,8,9486.41,2456.56,4,0
6514eab8-d43a-45c9-a15d-33dc8592c098,470,4,10251.83,4425.89,4,1
fdd85812-a30c-47ab-8e05-ca3fa38c087b,494,4,16789.37,10097.9,4,1
f590ea86-fe2a-4aeb-932c-b5fd57f78ea8,812,8,33543.84,7006.66,2,1
f82fbafe-d1f4-4a3e-8617-ff73ebe017d3,463,9,28319.83,19653.97,3,0
997c8ec1-3a29-4fe0-b46d-0ac2c73875ad,595,10,19034.12,10454.37,1,0
d18c0eec-3db1-4296-8864-c67f4d5aa498,579,7,30835.38,15221.95,2,0
c6f24b8c-aba4-471f-b892-ebf75ecaf1a3,746,10,47729.63,13955.37,1,0
ea979283-70b2-4375-aa8d-471ca408bfbd,443,3,13135.65,7623.62,4,0
af9cbbd0-778f-441c-b1bb-7f159f6906bb,405,8,35777.63,16147.84,2,1
837ce48b-41f3-45d4-ae74-cef04ff340a8,610,7,40966.83,29776.91,5,0
87a20b32-2538-4cd5-8841-a05ec9c011b6,527,9,41317.84,17308.08,2,0
9a6db964-ffa8-472c-b4dd-7a459ea5509d,518,8,37715.95,1293.59,0,0
d8c58e90-afba-43be-bb3d-395ce754e897,375,9,31804.64,31262.9,3,1
edea0e89-6b66-46a9-90fb-7e789a869415,315,8,5616.13,3857.34,3,0
81c0dad3-a715-4e10-9b2c-0cedcc179647,410,8,43284.89,1016.07,1,0
d6b0dd96-2b86-46fe-be95-1ae30ea2c2b0,737,3,43732.69,42258.81,2,1
2817887c-a4bd-411d-a0e5-27ee43b58f5d,532,1,19670.23,5747.9,1,1
785458cf-33db-40cd-a3bb-7f4f92cedd2b,550,4,3871.76,1828.19,0,1
31382d0d-55ea-411a-b916-779b502e7def,820,3,40738.08,31849.1,1,1
fd7176da-e1a0-4830-a2a5-05ca551df538,704,9,4879.08,957.99,4,1
0273bc9a-1b35-487b-a68c-594557a1d38c,397,2,33022.47,17905.06,0,1
26359b47-f8c2-481e-9829-0cd4de6c7df2,594,10,12226.71,2217.38,1,1
050a5f90-415f-473f-a649-70979f422230,848,10,34105.43,3675.29,5,0
b00a821e-5006-4f64-9098-a42b665c97fc,381,8,37086.41,20491.11,3,1
ee06ffe3-6fff-490b-b2fd-a3f7374f8a0f,850,5,16962.7,7349.55,3,0
c0035e4e-84fc-41ef-8ce8-d40464a5f432,591,6,32058.03,18301.84,1,0
15a78457-52ff-46f7-b865-eac8bd4a5fff,736,1,37247.94,13185.06,5,1
e2a27fb0-2924-41da-a248-5c64a50f55be,471,9,12026.7,3266.64,4,0
8aa5b8b2-b9fc-4fbd-9eb3-69a3fc2a96c0,800,3,23144.63,9372.53,4,0
cca4503d-67cc-4a18-bceb-e03949b8f464,587,4,14260.64,6367.82,1,0
cec4909e-e484-4130-9557-49ccfaa2c78c,390,9,38334.52,29893.36,5,0
88f694de-63e8-46e3-ab17-56c9bca6e266,741,4,29472.27,24073.21,3,0
98e9b2fe-f657-4a32-ac82-d45c4c58ddc7,425,8,15891.23,14048.79,2,0
533f2b9b-14c1-4623-bec1-439930d9e563,638,10,3154.44,3041.19,4,1
b181d63a-23f2-4f30-b5e9-5eb6a185ad7a,817,2,13520.54,6385.95,0,0
3cb5ee27-f3b0-400f-9af5-dbc23ad6f619,516,9,37053.63,18451.51,4,1
3051e61d-410b-4f75-9472-542a2ae5b63f,831,6,30542.04,3893.91,4,0
a68efce1-0f66-42ab-9dbb-69b594c79380,552,10,15670.08,13163.03,3,0
3969e30a-f13f-4d35-ad23-83fc858940d3,309,10,13897.85,1578.32,4,1
0184cd80-0dd1-42fe-8ccc-17e4fcbe451e,333,7,30106.1,23748.72,0,1
37f34636-53b6-4b65-aab8-d2e9401b70df,642,10,32731.52,7553.72,0,1
6880fc1e-0ef1-4f4c-84d3-a459f9ec113f,535,10,36192.49,34503.51,5,1
bf157384-dbd5-4a8f-af36-c9ea5091e803,594,6,30524.13,29303.52,5,0
0b423d7e-00cc-447b-aa64-c124a6770e24,311,1,8291.02,7171.87,2,1
c8f59e46-ae35-42c2-a6c3-a314d9b81b32,354,5,1812.42,234.75,5,0
455ba6a8-1979-4b11-b868-7ce214360d46,839,3,23011.25,14610.93,5,1
8a7ff76a-cad0-47c1-8a1b-73e2931341ad,707,9,15845.77,4459.34,4,1
5ad86ce4-1c79-4406-a5a7-c550995de7d7,604,1,3488.71,326.65,5,0
59b465f2-272d-4bc2-b303-af3761378798,825,3,26681.07,17193.97,2,0
09503ea0-d314-4a36-b440-106fa9bab0b5,408,6,36219.81,2984.92,0,1
da007972-8ddc-45fa-ae24-dfbc07a36358,484,4,26644.83,25002.26,0,0
e96c6af0-0d15-44e0-a44f-ee756103715b,467,3,4390.96,4002.75,4,0
0013afa4-a193-4e41-9859-433269da707f,817,4,38415.11,16256.92,3,0
bafc0493-a178-44e6-85d2-e7762b3831d0,433,8,17885.6,16733.44,3,0
bebad156-b499-435a-a099-80b553eabae6,808,2,1388.68,537.27,5,1
cde1de06-c7aa-4999-81cf-d498a2670067,704,8,9412.14,3352.69,2,0
9df314b0-005f-45c7-a838-3bad4ae97c32,695,4,33813.26,32945.48,0,1
f52d7a6b-1c1c-40ac-81a4-d03fa1bf121e,605,1,47860.61,37688.28,4,1
cabe51e5-adb9-40af-ab22-5c45461e4a5c,524,1,1345.7,699.96,3,1
50c82ddd-d7e5-4c11-b81d-40aeda480924,316,1,19093.49,10513.58,5,1
37385f76-ebcf-4461-a399-a71d733db947,447,4,39975.73,12220.21,5,1
d53e186b-ef02-43c2-9ac8-079b987eec62,571,10,42868.66,39884.38,4,1
1f2bb755-cbb1-486d-aea7-b59bb830bb0c,496,6,9483.41,7481.65,0,1
3cda5b83-06d8-446d-83bb-00dde9b76fa1,537,9,46735.01,30587.67,4,1
41b671f4-180d-4231-a981-aad2ebd065bb,445,4,15539.62,9287.61,4,1
e4161351-4317-4cd8-b345-cd1ea9d8372f,647,7,47823.58,34969.92,3,0
3fca021c-47e2-4c80-8deb-c38e0ecd3086,808,8,34112.81,6315.89,1,0
50480899-c7dc-42a8-9c5e-01f8868d5138,621,6,41512.9,22846.91,0,1
6d771dc7-a074-415a-8f9a-dc6af3029c5b,713,5,19406.43,5159.66,5,0
632c1dca-fc2b-4565-abfa-374c02ba1e0c,740,3,7581.0,5858.31,4,0
518c45b8-5e31-4144-b9fb-6da501f605f2,624,6,8412.24,1454.13,5,0
25817d58-c8d8-44d7-977a-654ab58c2719,801,4,39741.86,30916.29,5,0
7bb0d4fc-b22d-4e46-9e9f-bb9c3b53e1a6,659,10,25288.98,1643.06,5,0
0270f953-b6b9-46e1-91d9-d47aaf998977,672,10,32016.38,6614.59,1,1
99ee59bf-a9e2-4365-87ff-21210d2c736f,312,10,16643.9,13591.59,1,0
daafd658-64ce-4445-966e-5bf9b6803188,808,7,25863.18,15601.7,3,1
02fb6fe7-caf1-4f63-9553-3965e46bffcb,630,3,44942.71,12982.63,5,1
686b2e57-2cfb-4949-8178-4b3353a78d80,766,8,1870.1,853.37,5,0
fb0ab0a6-a093-42fd-93f6-3d06ff7cf7e3,606,1,2136.14,405.07,0,0
3cfb93c3-c4e1-48a4-9b7b-8afcb258d145,665,5,49250.85,11995.56,1,1
a01a8972-c4f4-4940-8581-284c276d0e55,403,7,9779.82,8467.74,3,0
ed240590-36f8-4326-bab0-a5987f68adae,783,2,30460.43,3479.61,0,0
4f8cf5ce-7db2-46d6-8cf1-986d25f49c8a,477,3,32813.9,25115.13,5,1
b26f4017-c3d6-4f7c-ae1c-7508c013a37b,623,9,44195.03,42553.11,0,1
f20e4ad5-2569-4a67-98b2-000fae0fd629,494,1,36015.57,11983.97,1,0
8155f484-8e41-40ce-8f4c-51f4adcc98dd,513,2,18907.5,9368.59,3,0
4aff0321-f403-425f-b415-ed1d69966f81,762,4,22124.81,18881.09,3,1
a8bd6f92-9e47-4121-99ef-e934de513ed7,500,8,10697.52,8272.85,5,1
1ce7dba4-71e1-49e6-8eab-3e98613bd081,501,9,22194.55,9199.82,0,0
ff521a5e-6a1c-4b0d-9f6e-4cdaf6dceb4d,566,10,38631.47,24198.71,1,1
b419d49b-6d2b-4dfb-b966-fb23632c3f92,829,7,39352.07,26501.26,1,1
09c05be5-76eb-40d6-90cf-2edd156234b1,530,1,14917.96,6976.39,5,0
6b7f2921-7fcf-4a5b-8f4a-f7543c0e117f,834,10,9066.93,258.6,4,0
513085ec-f972-46e0-86b0-eaf34918f7a0,646,1,29519.43,5275.6,2,1
2fd1bbf7-fb4e-4e28-b4c8-d3dbbefd5e04,361,5,23284.01,4546.43,1,1
66a80331-37bd-46ce-95e5-e586ea79b586,478,9,38072.09,28851.85,2,0
8c988ae5-4c55-4c4a-a1ad-d9ce9c7b15f4,784,5,48176.55,43212.4,0,0
16292d1d-885b-49b5-8b65-e87eb3165b2b,641,7,37985.21,5953.02,3,0
4044ca1d-073b-4c3c-ae59-5e9bfd2af868,518,7,32199.81,9259.78,4,1
7fbaeec5-48ff-4a73-a0ba-e87fdbb7626a,404,4,46057.58,18037.83,5,0
142c50e5-ec07-493a-87b3-2e9d1aa46230,490,7,47314.57,30708.08,5,0
ba32ec12-7c39-4707-9ab7-5484ce0f0d43,568,7,41699.93,38510.84,2,0
196ce34b-93a1-4c6b-882d-2174741b02c5,841,3,41914.03,32057.41,3,1
22fe02d5-3ef4-475e-b34f-674c92ce5120,383,7,10650.23,10570.15,3,1
b1385c3a-1f33-4b68-b56c-1ef1a7ab99ec,624,7,17966.49,1459.13,3,0
2dc664cc-56c1-4c3c-84f9-4186562b204a,697,6,1332.39,555.96,0,1
e77629c4-f05f-42d2-993b-68d6eb48e3f0,390,6,7143.39,4239.65,3,1
6109e178-2179-4884-a88e-c3edd9160287,832,8,49679.51,42447.83,2,1
2a406339-f4dd-4ae1-9c23-a765cad57e1c,451,4,13086.16,3864.15,1,1
ace6d911-da87-4255-b075-1539ee359ed3,733,6,48312.69,44243.32,2,0
3a6cd225-3d48-47c8-ae08-bd451f29f593,724,8,25822.47,5350.99,2,0
81674de7-a9a3-4589-bb45-61031fe01f90,826,9,47833.32,44630.98,1,1
f8a352e3-a2ef-47ac-be45-dec88f70bc1b,620,7,32719.86,18419.7,1,0
5dd31202-0353-4fdf-94ee-ae44c8b71a1d,512,1,28429.54,9938.35,5,0
81bd1dcd-6358-4894-b289-f7796fab3e5e,766,4,38271.31,7489.27,4,0
57a6ce49-2d8a-4714-9ef7-ef21e8d48488,580,4,5441.0,4462.95,5,1
ed7d9b65-718f-4c34-982b-6d0b4ad730f8,421,9,26241.28,2975.21,3,1
fe57ce70-66ba-4611-8024-7e5c145bf48e,799,8,17569.28,5068.77,3,1
f8b2531e-f379-449c-aeff-e2a7e2ec7a32,663,2,36797.58,6912.63,0,1
45d2c72e-79d6-48de-9b80-02845ff2042b,587,4,24776.95,2417.41,2,0
c5808bac-d1c8-44e1-9d09-6a72ff6b83ca,464,3,24090.72,6061.73,5,0
15c19cd6-5674-4735-aee7-1ce8a01bc412,631,5,38104.56,27088.55,4,0
a5071664-43ca-43ac-ae6b-2d85090b679a,781,1,5848.91,65.06,4,0
6d2f23ff-772c-4925-967c-5be759f99e77,809,8,46966.36,46663.26,1,0
f3aa60ef-2b31-401d-89a0-cdc25147e2b6,363,10,42274.28,41090.58,5,1
4aa71b7a-0f20-4e2d-9d20-c4089556df53,400,3,39264.84,4684.3,4,1
28eb3173-458f-45c2-978a-e1b1d187beeb,830,1,17465.65,4874.03,0,0
00b18ee6-ff07-459a-8739-6b387cbd45e6,419,7,44881.78,35928.68,0,1
431f329e-4cf7-407a-ac43-207d89b3af63,817,3,31157.78,18082.33,4,1
12fc4029-8794-4b44-a1a9-13efd0cc2fd0,746,3,8906.21,6736.87,5,1
c56e35d8-06c7-45e9-82fc-0c62e4b672cb,559,5,44271.69,40469.81,0,0
7846d327-09b3-49b2-bd88-eb57bdd90e5a,556,7,8868.55,8328.56,0,1
659723af-a039-4bd5-8be6-d7fb456bfa8c,331,4,49596.74,21018.97,4,0
6f106700-870f-4e3c-b37e-4b390cb32673,722,8,22719.33,6369.76,0,0
b411fd21-9c7e-4aa3-bf7c-d34c3dc07338,500,3,47832.55,22053.99,1,0
f223b15b-b6b4-41bc-b5d9-95ab9708f2bd,507,7,25288.57,18411.67,2,1
bf63081b-d66d-4d95-a038-cfad00105365,830,5,40621.72,514.16,5,0
d066036e-d8b2-4bc4-b4ae-1c31c28c3bcc,761,7,20375.95,15060.09,1,1
12f5894b-449b-4e8c-8619-64b4f13be336,410,6,8136.9,1010.45,1,0
24274298-06af-471d-b37a-31d371e2d257,495,3,40630.69,6961.84,0,0
b2cf2958-cba5-48de-9119-9a560628458a,730,9,28623.64,23410.22,4,1
437e5dc5-52d6-452d-8811-134d78f69af2,515,1,16731.84,11222.32,0,1
ec72b560-e93f-4c12-a97e-430535d49a51,823,8,33678.74,27395.92,3,1
75b99d08-8f93-47dd-b043-3bef79c56091,569,9,9741.11,1201.99,3,1
6455fc5b-b94d-474c-929e-fb268424d87a,654,5,5906.58,4361.86,0,1
c73a21ad-de8f-4a8d-a727-9f05ebb3977d,550,9,4014.81,1721.17,0,0
8308d504-699d-404a-b012-b48286488b8c,339,8,37531.41,11959.75,1,0
5a764d25-87a7-4e1e-8379-50887c9ab9d3,400,3,7034.24,1869.69,1,1
3baaff17-a31d-49aa-96e8-b884b52908f0,447,8,5235.53,1874.51,1,1
e249b7d0-655d-4960-9060-c12def0535e1,464,7,5306.07,796.75,0,0
53b735e3-319c-4373-8c4c-13c6b5546d1e,459,7,23058.71,16273.14,4,0
0bc4e73f-15a4-49f3-ad34-b10022e76818,762,6,2260.57,2140.02,1,1
973df3f4-8ad6-4557-8698-d99a90bcd694,616,7,37946.72,23137.05,4,0
f68a5ba4-7510-414c-898a-409f39f0f16a,641,1,13910.75,12267.01,0,0
a7179321-b6e7-4541-874a-a02edf0ddde2,743,2,34666.71,25837.05,3,1
40c437ad-5d49-4429-830b-0b98a3b1634c,830,2,29309.92,8393.32,3,1
e7a8349a-e9a3-424f-a4db-529b6845d6d0,564,5,1432.84,144.33,0,1
6b1bc244-00b2-4bde-80a9-36bde903d34c,820,7,1915.6,1012.36,1,1
98ec38f0-a9b1-4a59-9965-08225cc78606,510,5,20984.13,13135.88,0,0
e308ebe4-c434-4706-846c-334fe4e5170b,791,3,11563.4,3749.53,2,1
6902988d-d658-452c-921d-efa11589251e,641,1,21662.47,10541.82,5,1
5eff322f-5c07-435f-958d-8911452ad324,846,3,21431.88,14790.23,2,1
ea3c4ab4-a897-4322-8439-03fc2ddd3245,459,7,12513.7,1345.37,4,1
0243054b-803f-4998-a2e2-807d2bfbb5ef,596,1,39908.09,30440.01,4,0
509a5b71-731c-4675-9af6-de20db764148,385,9,13044.9,9368.77,5,0
40bd0f54-dc80-4610-84ee-1e8599d80549,387,2,20437.39,17475.67,0,1
f7d1a006-f824-453c-a59b-f58d4c0541d0,573,6,3848.55,1728.08,4,1
adfbe106-2637-4026-8872-4a66c6e347ae,697,5,30949.09,26663.11,0,0
31cade08-9b1f-4174-bbff-4c1ebddb7bfc,803,10,7819.11,672.08,2,1
ee92b074-bc13-4441-8679-9524c611102a,373,10,18276.8,18116.51,0,0
8cc54943-c4d0-4e1e-ac37-eab62f515cc9,317,1,22809.5,14734.92,3,0
29e184b5-a25a-4939-9292-98213de6f4f8,400,9,32017.15,23782.61,0,0
06feeef9-74b1-40ab-aa0d-8513f197e0fd,433,2,46256.34,15885.36,2,1
4fd4917d-8d6c-4d1c-9518-dc8c26e1f9d3,625,9,11559.0,3818.63,5,1
83352595-448c-4fe3-b689-0870aa752fdc,652,8,11830.82,9282.8,2,0
c78fe983-21bb-4323-b27c-6de6939daa52,529,5,26203.35,23349.6,4,1
ab767159-5b8e-43e2-ab75-223e1460b413,727,4,34309.33,6233.48,2,0
77ed38d6-0df7-4cea-8af2-ba6b166669f6,629,1,43766.27,37594.33,0,0
371d7a59-88b0-493a-8197-3f057eb2d1a9,662,10,45843.7,38410.13,0,1
731ecfef-d9e3-49cb-8e95-b0f4c4714ff9,815,8,37348.13,16793.95,2,0
9dbb7331-dff7-42ce-b9aa-d027dcf818ec,683,6,6403.1,4990.69,3,1
85811623-61b3-4707-afef-46122ed9fdf6,715,7,7312.82,7065.73,1,0
23cce293-c317-457c-98fd-424ca1f07141,360,7,2562.87,308.68,5,0
3800d84f-f099-4a92-9c10-91e925268e57,818,6,27038.24,25102.71,4,0
3901f34c-a661-4e71-9c1c-1bb739bbb1e9,420,9,48112.02,16925.38,3,1
7a1d767b-c76a-41ff-b8bb-7924255a5968,675,2,21769.7,647.73,4,0
db9892bb-2c06-490c-b813-0833124ede11,553,10,36900.61,35515.49,0,1
bc6f4b94-0335-4822-9f49-db2405ce4b7e,393,9,28000.44,17865.7,4,1
68e86dfc-3cb6-469a-99f0-fe14421b5a1d,390,4,13484.9,717.35,3,0
d8b116c9-4220-4714-89c8-d90b0b496906,825,6,13212.06,226.66,3,1
0bd99131-e752-4a6a-913f-4b008f480d92,745,6,3511.78,1180.66,0,0
bc4b20d8-cc00-4fde-acdf-4369bdbaaf3d,806,8,15136.58,329.25,0,1
17fdc9b0-2755-4b52-af7b-1dd2a95715c4,531,3,37290.91,11585.81,5,1
61429668-51ab-46a6-b280-51993a4cf42e,743,7,21727.68,18028.8,0,0
4ccd22a4-7475-4eb3-9e56-b2ee414a44f1,382,7,45778.15,28875.99,2,1
42f36ba6-0c05-4c9e-9407-dd700512c2cc,589,8,48511.82,43986.2,0,0
45eef9f9-b354-4776-8018-b019eedc4ad7,312,10,35365.19,29155.62,3,0
810efd96-2fa7-4d76-b588-eb48ca70b556,398,7,7014.63,732.53,5,1
09f5aa73-2126-4618-946b-d6d3bbbd559d,400,7,45942.0,18786.21,5,1
6200ca0c-cdd0-4d1b-baea-8053a0987717,377,1,37232.76,22506.36,2,1
7824e797-c6bd-4c32-991c-4caa2f1cfd51,780,10,13524.21,6496.07,3,0
6b3ba46e-4eba-4062-9dc1-f75051324fb7,341,8,40770.39,7374.83,3,1
d7ca5be8-4155-457e-938e-e7a9bbed44a8,735,2,4110.97,3548.88,0,1
103fc004-71b2-48c6-ac7c-3cc75febf054,504,7,30026.75,13560.71,2,0
821e308d-c275-4a57-897f-593bd91280bb,791,10,8823.1,2145.63,3,1
b32bdf99-1c08-4790-a5fa-12ad81c18aa4,601,3,5999.13,1811.27,4,1
581b792a-1833-48a0-bb22-8e19939aeec2,400,9,16307.07,11464.47,2,1
1204ab09-7a74-4700-b404-fb293e82fdc3,345,5,38332.02,13540.84,0,1
2bd2624a-7b82-431b-92b7-9a21e0c8b827,433,8,3971.75,2467.5,1,0
63188e42-ad87-4465-9046-2261e85b6f92,341,4,6696.91,2843.94,1,1
7c4d526d-fd3b-4752-bd7e-8cff599812b7,321,2,3607.97,1734.77,0,1
9841714b-e5da-4097-a176-0f48c8c2e6d2,389,10,45649.06,27244.89,3,0
a51eeab5-06f4-4427-82b7-6ee0300090ac,694,6,35390.98,4451.07,2,0
9fc9486b-5564-43ed-a8f5-6d227e739e69,372,4,9347.56,2428.4,3,1
5491172b-a195-4e88-925a-6419226fc1b2,840,9,23955.85,8994.06,4,1
3334a598-168b-4e36-9ae9-1eb818a2a1fb,478,4,8494.72,4341.56,5,1
2f4909ef-8bef-4f37-83c6-f9fae4e1ca00,753,9,44656.01,31868.65,5,0
64f475c2-2d11-4c36-980d-e86578d681dd,314,7,7298.58,4544.55,4,1
710eef92-d021-4285-8a47-d1fb7b10c082,515,2,9208.76,6819.75,4,1
6ba15e73-baff-449b-9500-586d594aa688,550,6,10986.01,10117.42,5,1
5dd46637-6e89-456d-b6d7-f9ecce3603b4,695,5,4904.81,1915.94,1,1
8afb70b6-5a53-4613-887b-2e1bc6f03316,461,5,27572.58,21345.29,5,0
40c43cea-d953-410c-ac92-0d23bb393845,848,4,41568.1,26738.12,5,1
9b90b54d-2e7a-4571-9a9a-129d9d15b83c,524,3,6158.87,5677.21,4,1
a4383bbe-2aa2-4476-9f95-4ce71fef7e5e,372,9,39476.67,7082.08,5,1
949b0bf3-4826-446f-866b-2b7203e02070,747,7,47362.21,6588.04,1,0
6861e24f-6848-4de3-a9b0-40d1eee59776,393,3,6440.09,5727.96,1,0
c2ac138b-5204-48e9-accb-d6e1a79489ea,644,7,47310.63,34850.86,3,1
43c1a0eb-efb0-4850-95ba-bd2404b6b01d,803,7,23536.01,13088.49,2,1
9de9d2fa-a671-47b7-80fd-bc25bbc4361c,322,3,8370.69,5199.87,1,1
7f6b6d89-d860-48f3-8c72-239bb9e34c37,830,7,18551.56,3933.23,0,1
1a2c2955-2897-43b5-a639-5cc47a89cbc0,665,5,38794.45,18496.6,4,0
ecd6703b-57f0-44a0-b38b-0b70b223dd95,829,6,44162.06,19005.16,2,1
da460607-b843-46ed-8455-8a17bb23b066,817,5,40379.9,24958.13,0,0
cdcb0d14-9562-4630-a943-825920c19530,414,6,11369.97,7452.96,4,1
0dda15c8-1d78-42dc-921c-3873b5732251,744,7,11902.0,5298.35,1,0
62a71e3c-0235-4d16-a181-734c3d48ccbe,511,4,42473.92,38939.07,2,0
2087c431-2bb2-4722-becd-e66fc62b7a79,387,3,17845.78,15732.86,0,1
01270424-2561-4997-8e4d-eea187c5e5a2,665,2,22843.24,4559.24,0,1
a53f0904-5f74-45c2-9530-2c5cceda1979,618,4,11723.12,7950.31,1,1
2c334b6d-abfb-4266-9ad0-dafb53f91caf,725,7,34610.85,18403.82,1,0
fd34a588-0308-40d6-8dd6-7b079947f472,799,9,3105.65,2864.11,5,1
a2357299-6f4f-4f94-a984-6a4e2bb217e1,370,1,37068.44,23576.3,2,0
e98044d8-b487-4ca1-a20f-07b17ff71c30,499,3,46208.58,41817.35,1,1
6f230834-a802-4f75-950d-c26273866501,304,2,45737.36,11699.3,2,0
e1613483-f74a-4431-9e96-aae56341e20a,594,6,44943.78,15891.8,2,1
c62eb15c-723e-4134-a055-5c6632f5a91b,561,3,19037.6,1523.16,0,0
0aed8137-3bc9-46e1-b930-d5906ee19629,730,7,21404.5,4420.4,0,0
38f22509-34fa-4630-820e-e3bab3eda8a8,838,5,46313.97,40596.13,3,1
097e5913-a0b4-4b91-9987-e305e141f6ef,551,2,11421.16,7022.88,2,1
ab4a5c0b-3b3f-44df-a4c6-6b2980e2d2a6,440,2,36445.0,4979.73,5,0
009971aa-7190-4fe2-87c7-a6baa50ead6e,338,6,44649.65,8798.91,2,0
906b23dd-a19e-485c-85c1-630a546d194a,750,6,31722.4,11292.58,1,0
4acb1003-cdca-4333-84a5-f119057d809a,541,2,5481.03,1239.7,2,0
dd6329bd-80c6-435c-ab91-8ef5ac862edf,472,6,45803.26,36249.44,0,1
953853d8-9b06-40cc-a7ec-717ffaed8e4b,455,5,18091.41,17136.96,0,1
bb47fdf0-cee0-4eee-9371-dbfe0aff4090,648,7,44049.47,30774.93,2,1
9329d8af-ac75-4e05-9ba7-369b34dd63a4,394,10,22028.58,14251.63,3,0
98986ac2-b976-4631-8374-2a6b960937c7,782,9,41470.69,3037.51,4,1
689b5210-2563-4a5d-8141-4b2e2fd15293,624,3,17603.53,11866.73,4,1
51814a2b-544e-4080-97fb-ef8ff5c09455,829,10,7421.98,2345.33,3,1
3997dba5-fa4e-462b-b3d6-e129b18de092,759,9,13057.99,11843.64,1,1
75267328-f432-4278-8476-bc6ee0c06c49,422,2,17415.78,16708.03,1,0
2a686a71-1fd0-4d7c-9a5b-1103bdef589d,452,4,31312.54,18502.16,2,1
ff9b680c-b0a2-4f89-bfdd-6ec988508102,311,8,21448.83,5810.81,0,1
daa302b6-9eba-4598-b290-7e5d702f9869,850,2,30353.4,20360.06,1,0
3163804e-2e65-4b94-a11e-92697195f15b,594,5,27224.28,25674.1,0,1
f17e0d1b-6209-4eb9-a2c6-f8250f04bf60,811,1,45033.32,31621.07,3,1
7c38331e-e32b-4ec6-bf8b-2b609a5e5422,521,9,46176.17,27525.77,0,0
202450a9-34d9-493f-8bc4-91ac18f94ef9,457,3,39186.91,15939.01,0,0
d8165eb0-bd12-4046-b4f0-bc11c27648ea,326,1,25711.98,8059.93,1,1
fed80530-e329-4413-80c0-9ef802cba650,386,2,11155.44,355.42,1,0
41c460c8-531d-45d9-adb5-1dd16ccb73a9,710,6,44127.04,38559.28,1,0
cee9ad90-2f78-4c38-ab12-693ec2f7cf67,741,8,43465.67,25406.34,2,0
0d564cea-6d4f-4688-b3c6-e7b3f3db25cd,352,1,44897.77,40384.13,5,1
0786bfe2-8a00-4c7d-b47a-d532a7457060,793,9,47808.53,33772.22,1,0
5ca88c1d-39e2-443c-a311-0e8a3781d371,778,2,10525.62,5723.25,2,0
85bceddb-6bc1-49c6-8526-64139d455af5,465,10,48208.93,48116.93,2,1
70063e9f-a9b4-448d-bb6b-aa9ddec33e56,525,9,30966.36,15990.19,1,1
50750892-fef5-4ba6-a715-6851a9727eb3,341,1,17327.09,8648.72,3,1
cc3a4341-3f40-4513-957d-3a5982482967,477,7,3063.2,2321.34,0,1
dc337450-d20e-4f3a-acc7-f06ee502aee4,303,8,23551.55,22828.73,4,0
df414ddf-e57b-4899-af02-4ab28a8beeaf,421,6,1274.69,328.18,4,1
ec3b2919-d39d-437d-847d-a3edf8b90e2d,451,8,16910.16,5782.69,3,1
98b1e5c8-e591-4462-b078-b88183fd1fa9,698,5,10702.11,9403.39,2,0
26677739-851f-4242-9e93-9526e08a796f,393,7,3674.9,2730.36,1,0
e65d79dc-23ff-4886-a4ff-0b8891fa5209,729,3,21270.98,6724.42,5,0
184ac21e-2581-40d6-a7fd-6184ff795a93,698,6,48749.73,31716.75,4,0
1e78bd0a-2272-406d-9561-d0f6cf6004cd,657,6,19439.14,8636.25,2,1
7015cdae-85a7-42b7-807c-df21489967de,684,10,6759.67,3939.09,4,0
310250cb-dc1f-4e75-970b-8cc32517c8c3,634,1,12739.87,611.47,4,0
ffe031e0-bccb-4361-8a87-eb60c646022d,601,7,24244.8,7976.83,5,0
df88e06d-691a-4419-9e06-dcc9fc816269,603,6,39898.58,13481.96,1,1
9d84bc8f-a8ac-4d6d-8576-df3ef74c96ff,473,1,26380.77,20527.53,2,1
7934975d-2a34-4d8c-9e3d-63e6fe39da90,608,4,41226.84,1575.62,1,0
b8d87968-f83a-4c07-a16d-bc9d05961c0e,779,1,6495.04,2738.97,0,0
90e82d1f-e768-4d77-bdb2-5d8d867130cf,385,5,29548.49,5747.1,0,1
296a5c65-0379-41a7-9509-4d2b76ee1697,582,9,27112.09,8413.75,3,0
d515b48a-0008-49b2-b766-d1897782db5c,754,3,20496.76,15655.83,2,0
035877d7-c75f-4e84-b040-9098ec441612,823,2,45616.52,22677.98,0,1
bf39f805-121b-4110-a48c-00c73e438ffe,404,6,46482.31,34069.34,1,1
128e6a65-aae5-410f-ab23-6a6d0a88c2af,320,4,45764.56,1776.34,5,1
98b8a324-54d8-4429-a087-76f20968b498,621,9,25881.42,6921.32,0,0
32de72a2-539e-4559-b426-74519c73e9f3,406,10,24537.08,18879.99,0,1
2277355d-cf60-49ad-b101-934447ff548c,580,10,16417.54,2862.87,5,1
dfc76ca6-32e3-4d7a-bb36-9f0f0386f1c3,805,4,12391.83,4141.32,2,1
b1b50dfe-2508-46bb-ae2d-48314061eb70,422,7,8181.37,7572.12,1,1
78a628db-4b3f-4397-9158-33699b01446a,830,4,7848.55,6965.59,1,1
0c461878-5a6e-4e8f-9744-719a324f0377,495,1,45014.12,34314.27,2,0
756318ff-9857-4bad-bbb2-9c9a5f875de3,366,7,7090.62,928.48,1,0
c636f438-f701-4f62-974a-e984e7393356,489,9,31310.2,23275.75,5,0
5d58f083-e825-4101-941b-9d8ad732ff03,707,10,48043.16,23430.86,0,1
1f17f234-4bd4-4cd3-9bc6-04417cc64c85,625,10,7269.23,99.83,4,0
db993b25-878e-4713-8665-7e1a4278c154,803,10,46652.56,21831.51,3,0
1580079a-d208-45c9-a806-c0a56cf22f45,493,5,24398.88,22761.13,3,1
03d5e123-ce7c-46f5-b3d3-40821c5e74bd,531,1,19316.88,6689.29,2,1
292d37c4-746f-4c58-9621-560f2daa82eb,346,7,8321.85,6538.1,2,1
8f7c52d2-6c63-42c1-bb8b-6d7fb3c4efd9,448,8,49831.42,16883.65,2,0
a39e7601-0bbe-4e90-b6a6-9abba4fdfa92,394,4,44914.57,44009.28,4,0
5f451842-badd-4ca2-9268-46c46fcfc61b,410,9,35095.36,25185.87,3,1
f2627803-44c5-4934-86cc-a07b594e2bcb,388,9,3108.64,133.51,2,1
b956ffc1-3747-4ec9-afbb-9fe93fd3ac92,323,4,26280.88,20639.04,4,0
e717c8c0-8097-44e8-823c-b2bcbf857786,489,4,17580.64,13036.55,4,0
618392ee-7f78-4f0c-a01b-85bd1f269a67,563,2,10773.53,6454.23,5,0
1312f102-a29f-4631-8b34-f0471115a37b,646,5,43056.15,42411.26,4,0
4a846cdc-ded0-484d-b61a-2f3fb27392fb,469,10,23122.25,1224.87,1,0
c09106ec-fdf5-41a6-8fa9-70e629b43c39,499,8,40130.73,25442.56,5,1
f3850278-2da7-47fb-8206-4acd88984f1d,738,8,47840.08,46303.88,2,1
af4d7093-0d24-477e-8c9d-3ed75df1ed0f,794,7,46636.37,42828.88,4,1
33f568ad-a7be-411b-a6a5-cca2db13e129,484,4,19683.5,10152.37,4,1
a312d748-2033-453e-8b66-2601c424c57f,331,1,20980.72,4187.03,1,0
51d2c4f6-5300-423c-b8e9-1ad6726b87d9,327,4,13602.97,6554.05,3,0
3c8c78e7-9064-4fa2-b230-5b263e38e681,666,3,10323.34,1423.89,5,0
5400aab3-76ad-43c8-9d4a-99972f318a24,820,8,47872.15,11423.5,4,0
05e4f311-14bc-4900-80e7-7ea34883625b,450,10,32019.2,6705.5,5,0
394bc144-6789-43bb-8e14-eef0c99266cc,612,8,48027.93,33403.05,5,1
929966c6-8d11-48f9-8998-92a24dde06af,777,2,31799.61,3205.89,1,0
3b3e0764-a7d9-47d2-84d7-865e388fb552,780,4,4757.33,759.25,4,1
7cc541fd-9172-4342-88cf-6bcc841f1d14,611,6,24786.9,4229.32,5,0
54b513e6-bafd-4cec-b38d-53d7640cd363,515,4,42467.21,27574.19,5,1
86265fb6-23a3-47f9-a199-456878a86617,382,5,24550.65,13054.13,1,0
c7e3dc8a-ef4b-4821-bc3c-7175f3625e19,529,10,13438.36,143.95,2,1
0a1ba9aa-cda7-4d05-83f9-f231dadefdb2,847,5,15354.71,1071.27,2,0
e3d9801c-fd8a-418f-8718-a465ddc9d88d,602,10,14507.77,6239.64,2,1
7e076880-e39d-40ac-a346-c140b9e71d67,529,5,35533.78,4943.08,2,1
2a782a76-3b41-4e5e-b949-bd0b01b681ce,550,6,37982.11,16492.66,5,0
09f27d50-0d4d-402d-b5a0-1a9e276f33ea,423,1,45476.5,29391.04,1,0
4ebf7a6d-042d-4f98-85d6-d0c15ba8f196,639,10,8280.53,4039.52,5,0
f3b7d238-697c-49ec-ac9b-f45dcb30af70,419,1,39314.32,30199.39,5,1
c13cbf24-65af-4427-846d-11fe380bba12,822,9,26953.86,978.88,5,1
0c3e6d00-5004-44cb-944f-7d2ec44ffad8,520,7,16973.45,6884.3,1,0
59e06226-b792-4b01-8530-9fa534fcb5c3,690,9,11043.5,9785.41,3,0
52c6a5ab-341d-42b6-80da-8d51da4ba517,480,1,49854.34,33897.28,2,0
c9f33132-9144-45d6-a176-91f8cdb408a0,514,5,33386.2,31194.86,0,0
460bc462-79d2-4db6-8092-c46ee75530e8,521,1,31170.74,14527.84,0,0
2077cfa5-aa00-47e1-9e4c-97745f6b0de7,622,6,8458.01,424.12,5,1
5bee2e66-6edf-4b2c-a780-9b874ccf1c2e,617,10,48373.64,11288.46,5,1
b79fc5e5-c2d7-4329-b318-ce9791ef8471,748,3,2966.51,2244.4,5,0
083c1c6d-fc06-4b2d-9ae9-676da234fa7b,322,9,49383.82,28155.75,4,0
f3d74ef8-c42a-4b07-8464-7a319e7c1990,846,10,6093.21,3387.7,1,1
1cb28a67-7301-4476-a772-90f0f2be9cac,694,4,48368.22,36741.71,2,0
1de3a173-38f3-4474-b610-0b34f62b87c4,694,3,1263.19,21.46,3,0
0304c8dd-29ab-4166-b52a-9935f8ff3a01,634,4,25376.62,8151.74,3,1
e706274b-a840-43ea-ab47-5d9bb2a30a8f,344,3,48979.19,9063.23,4,0
b0a3d828-4a7a-4316-9422-197a696a67dc,716,4,21515.19,19383.63,5,1
c2a145a3-975f-4b22-a83c-61c17aaa111f,816,7,23738.09,7791.04,2,1
5dc3118b-31dd-4f9a-82ea-ad7fe1341340,435,6,32755.68,13435.5,5,0
73776fe5-1249-4625-8003-9d895fae3664,768,9,34184.0,22710.47,2,0
8cc86fe3-7f08-4d9b-abab-5e0b5a7d10e0,705,2,40665.87,1813.79,5,0
9e312096-9a60-4bc3-9898-8eec2d237373,392,10,16449.09,6377.9,1,0
0297d4a7-2096-4180-b50d-a3b8f8ce7e29,760,2,38915.5,30877.41,2,1
01483120-5ee0-4715-8c05-e09f0adc553f,329,8,15820.86,5822.4,1,0
6e29cf2b-6dc9-4aae-960c-1a92b48b6b89,409,10,14666.38,13531.74,5,0
4aa82dbe-5b8b-43ae-a5bc-0bca3ce3e94e,608,8,48551.19,34950.24,0,0
1999acde-4b73-464d-b0b8-5efe8346009d,790,6,45188.36,42970.63,2,0
592691eb-2882-43c8-8385-c1b2d9101bd4,793,1,31506.14,31500.15,2,0
b3894e63-4d64-4dec-9b0b-eca83f4f9a1f,417,9,9801.81,8583.93,0,0
09640f15-db71-4b5c-a58c-b98a974eb52f,576,5,42503.44,22836.63,5,1
d9c9b13f-2750-44b5-8014-3a9404ddcedc,373,4,19888.74,10724.09,5,0
321eaf48-85c5-4f33-a2e9-62f225929562,822,5,17141.2,4280.83,5,1
23b0c683-b059-4fb8-b4b8-d3408850575c,678,2,33644.7,16100.56,2,1
a34673a4-297a-4c9e-bf80-26aee3b905c2,678,3,31111.87,5243.91,5,1
b416e710-ae27-4b28-8955-4e397f7d50b2,632,6,27716.41,26031.33,5,0
e8d0d82d-4d7a-4505-aab6-ae4324f4e07d,787,4,31508.63,31295.35,1,0
17121b24-33ec-4932-91ae-47d710a3e1b4,325,7,14580.7,14454.96,0,1
353b9eda-bc45-4c9e-bb2b-553c92b23985,838,6,9746.71,5776.96,4,0
84e6c791-0081-482a-84b9-778c1928b893,808,6,49661.46,17131.47,3,1
63434db9-cbbd-48a1-8c5d-8c8bdb45bf5d,654,6,5524.68,117.04,2,1
55d5edbd-b40a-49ef-92e2-e5f68629472e,568,1,39591.73,28837.6,5,1
0411a4b3-bd68-4838-a6b1-7f147792634c,672,10,34133.63,31948.04,1,1
f49dd16b-c1f7-4755-9bad-0f429fb5bea0,391,3,16141.83,6439.47,4,1
31f8c6dc-13a3-4b14-81c2-d74b6f3f4cff,458,8,31948.93,22385.1,4,0
64df983d-e27b-4659-a35c-bcae42873953,564,9,46415.77,9865.23,0,0
804c5a0f-5033-4690-8bd4-79676e256189,812,2,8348.8,2988.16,5,1
0cbae8af-8fef-4cca-a09c-7b51f7002d87,598,2,4034.74,3907.01,3,1
6d9e4c43-454b-45cf-9efd-7bba27a32369,741,7,1424.69,786.04,4,1
bd4f727c-3b61-4908-b8f3-759204de121e,801,3,29886.16,16929.68,1,1
a594deef-53c5-46a1-adbb-fe65c83d3444,362,4,38595.73,24515.2,5,0
18a9675f-fd80-4378-adbc-3c7345236b08,802,10,46125.22,11671.21,4,0
9ae63447-2ea2-4737-9893-935d9444ce8c,669,4,38209.75,20277.92,3,0
e3558063-715b-4478-a3b5-cde8fb8f9ac5,651,10,19659.33,17394.75,0,1
7338b9c7-0791-434e-b07a-35104b2093cf,399,7,41784.9,9833.57,1,1
c9667d60-818e-4a4e-b717-4178ee869f8a,588,5,19429.24,6890.29,4,1
37cccbcb-3ef9-494c-b79f-8549e7e77584,842,3,21868.17,13090.62,4,1
302fd80e-ceb0-4693-86dc-f356e97f2654,824,4,22234.46,15496.44,3,1
b8caf225-75fe-4a2a-9071-176b532c393f,369,6,10960.75,10145.79,3,1
1b086c54-0487-4c41-a8c1-484294a12759,652,8,26746.76,5805.66,2,1
a401729a-49c9-458b-b1a2-aa58851b9678,488,2,32461.43,20004.25,5,1
d3ea85f6-a953-4c5e-a6d7-c25286c7cf20,525,8,38871.0,4102.44,1,0
5ab4d87a-635a-469e-967f-9c1eff8f8bf5,398,9,25227.59,3302.49,0,1
2afc8665-d47d-4294-a290-04d2fb8c21ed,300,9,32145.88,22597.75,5,1
18832eb8-405c-45e3-8c06-d2ce7cc2e2a3,441,6,23313.69,2727.0,3,1
3d0cfdd5-26b4-4806-9277-95c9a5362df0,792,10,28702.2,18497.18,1,1
d8106401-f27a-46d1-95c7-30544d44b8e1,357,2,2850.71,741.89,4,0
607bee1d-1493-42e3-bbd2-8526c4a08e71,658,5,16143.78,3403.73,5,0
42a4753a-d9f6-4187-b429-ef8422b57920,524,5,38466.28,32042.33,1,1
a81ad462-ea20-4bd0-8171-c97d0f7211b6,491,3,46542.85,25239.91,5,0
f3abefc3-4c9e-4e0c-b050-6f13253f0b9f,352,6,48173.01,44517.48,0,0
422dac63-5853-4e9c-b047-c18437ee1457,790,10,3225.8,691.1,3,0
8ac09650-5ad6-420d-b14b-6b0fd92f4b6a,727,2,5326.24,4321.67,1,0
970a0114-30b0-464f-82be-f7ccda64c426,764,2,26992.97,7644.14,2,0
78e6460e-26b8-408b-98e4-f1b1e15fc08b,625,4,15260.39,3256.31,0,1
89b73da7-07b5-48e7-a614-dcaf1fa98fc0,796,9,45227.88,19164.37,2,1
bd21772b-c71d-42ff-8c60-7e7069376578,718,5,23791.85,16299.14,5,1
02749bfb-9282-4c56-a53d-212db4f304db,316,6,44517.72,28262.85,5,1
1a4b6e77-412a-4600-9389-6b6858be6ac4,536,8,20936.23,16492.07,5,0
fdf65ba4-31b2-4a3a-9c41-d996e013bb05,522,2,41154.98,7196.44,2,1
15ea1cca-50f0-409f-8daf-5cdd4303caf5,673,6,27476.43,27046.61,0,1
26b978ca-38e2-4c77-91ef-79e580871cd1,407,9,11538.61,2978.75,2,1
1df6ddea-9416-46b7-928e-b9aa23ec8f4b,687,3,15963.89,6693.36,4,0
c7324fcb-8eeb-455d-8393-9b002610dc09,555,4,11977.68,6768.74,1,0
eccaba2b-8c23-42e7-8b2a-8744fd194fd7,415,10,44301.55,22268.25,5,1
48af9712-0d24-44bb-9dbe-ce6e34e3d4ba,520,5,49338.49,18641.78,4,1
2ae14811-5be3-4366-9473-503ddf093899,589,6,45785.79,20634.06,5,1
f8d5ec31-a8eb-4495-a591-0f1bc708ee98,306,5,8360.4,4298.35,0,1
1b7b5c46-ce13-4409-a2b3-c60a59d3816f,311,3,41738.37,3930.37,4,0
a4b0f0c7-2d14-453f-918e-cbe9bb7b7df0,569,6,43343.12,19869.59,0,0
40eafc1b-93a3-4fd1-8282-69c8887203b7,770,5,44643.87,9533.33,0,1
50cfe666-9e7d-47f4-aedb-e3f01099bd78,307,1,10618.16,6000.45,1,1
a74a66b5-8644-4000-8f2c-a07339b8b4e8,421,10,33747.17,24768.85,4,1
9446b1f7-38ba-48f9-a7a5-c35a120605cb,693,10,7238.85,2871.46,1,1
c1906f96-b356-4e97-90ee-b70608d83946,831,10,8239.42,1529.4,2,1
12eb9046-c54d-4898-a5a6-7ae15c745406,693,4,32855.6,23383.08,0,0
499216af-cb2f-42d4-afaf-e93b99732fea,821,3,21047.47,872.35,5,1
eb7df5b0-de0f-4958-9b99-892bcca57536,519,6,48973.46,4370.27,3,1
7991af9a-8801-4b2a-927d-d7ff977bcb6c,393,6,31132.63,12109.63,2,0
c4507e18-eb5c-4215-9bae-f83e85021434,582,2,7701.33,5425.49,4,1
fa2108e3-8be5-4be1-b718-00cf3a8037f4,832,4,46976.6,295.51,4,1
07ad542b-dfe9-40c1-883b-2b40bde33253,370,3,34064.51,380.22,5,1
11a253f8-7d2a-425a-b852-0b5a548938e7,379,5,46039.8,37213.58,1,0
88c80b21-1c2b-4113-8701-6cbd69ea0b43,356,8,19642.58,19463.88,2,1
17e7aa72-6376-4c45-9f7b-94fa496b1433,777,9,47201.88,5651.49,1,1
efec1a0f-39f1-47e9-b6dd-b153fc747204,330,5,7092.93,6485.79,4,0
792622a1-69d7-454b-b800-49f2cce35561,738,6,20990.95,17679.27,0,1
c4694ed6-93bf-4a72-a916-7ea000978017,347,10,41803.89,26622.1,3,1
33d2300a-ea37-4872-b256-38e53cc0e9a8,584,10,11962.55,9850.62,2,0
f3c735f8-6840-4771-987c-925602bb5caf,673,5,28227.22,20575.26,5,1
4096bc6b-a1f2-4885-a985-2f69d03d6465,386,2,9543.59,894.06,3,1
bef27bf7-93f0-464b-acdf-d2d9686ee1ce,831,3,37397.04,18006.85,1,0
036ce1ac-faf3-4023-83af-9d341a31e2d7,453,10,49629.4,29726.99,2,1
29ef5989-ca8c-4bf9-81a0-b7df620209a7,689,4,45334.71,19773.84,0,1
a17f02be-3571-40a1-8ce7-610af743d420,506,5,43939.56,23645.68,0,1
ba2b87d2-b967-437e-8c62-17e88d4ea197,567,4,47736.21,6662.0,0,1
f65e5490-ef61-4c45-a0db-178af09fe472,387,5,2202.26,2065.97,0,0
a7eca244-5e0a-4274-b770-15907f31aab5,779,3,22747.94,14100.16,1,1
0ed557a8-6198-45d2-946c-c0910eea0f4e,778,7,3035.66,1942.91,5,0
bbea8a0c-09af-40bd-a61b-b1648b62cd42,749,10,35780.68,6365.78,1,1
e93f4f87-06a0-45b5-9552-cfd1c2124e0f,641,6,7659.92,2567.31,3,0
09f0af69-79e1-4a6a-9c18-66d44f07a506,389,1,34085.78,1894.41,2,1
6ff8f1e8-c0d4-4cb7-80cc-7faee788edae,591,1,8719.63,3733.66,4,0
6ed490ea-0a75-4861-98bd-70cd8d92fe26,673,4,22996.92,22022.43,1,0
445258f5-5f85-4767-b29a-bcd8931d9d39,440,7,7246.38,6743.12,4,0
a4cb08d2-89c2-4a16-aed1-7ecad2676bf3,733,6,25325.74,9262.74,0,1
98122b37-eebb-42a2-b76d-ffd182fbf998,638,6,19076.75,3581.53,3,1
b5f61c88-8a14-4299-82d3-cc3cdaaaca68,498,9,34801.12,29283.4,1,0
37ef4165-c309-4fe8-94cd-649d8fe45638,560,1,6833.89,1493.89,3,0
c6f08936-6e5e-4f33-854c-0c732b81f90c,845,9,46149.33,37855.89,2,0
6e6f0510-1296-4dbb-b93b-c42dfe678c28,319,2,27900.06,16972.19,3,1
81260783-14e2-4186-9eff-e2c621100adf,746,5,35127.96,34821.92,2,1
3388337e-c020-41f2-8c7b-555d52921951,487,7,39561.81,27625.88,0,0
ca3fdab0-4923-40eb-bdb2-74b009669db9,788,7,22959.25,1532.9,3,0
4ca95c5a-ee16-4dae-9675-693abb6a2d6c,354,3,17781.05,17730.05,1,1
10e8e427-fca5-46c8-afd7-2ec96ec41686,539,10,42549.55,38918.56,2,0
788214c3-5037-4173-93bd-3eaea014213e,753,9,44812.56,22482.46,2,0
abf7a1ed-7193-4a92-bc98-129db972608b,452,3,37089.54,29810.67,4,1
c0b62c68-fe1b-4f41-9750-e71a54b86c04,617,2,21971.29,19840.95,1,1
24dcabec-e7a8-4f68-9d7f-e6d1ad102699,819,8,19788.78,13039.78,2,0
ecc9f334-17b6-4bfb-abe4-ef46e85db248,667,7,14025.95,650.86,4,1
bc06e321-dbfa-4f89-8abc-0ba8b311a2da,429,3,12062.16,7460.46,5,0
35eac4c9-bbec-413c-8725-40195ce7cb71,683,5,41540.56,19215.54,5,0
8d08f448-a082-4e15-9537-73f3db6e93f0,372,4,1955.68,1911.38,5,1
d66d80f4-bf03-4a23-bd2b-6bae89cba4c9,663,2,45614.64,28999.35,0,1
7714213f-9a43-4a5b-ae52-c350e27d91e1,642,1,29782.8,4286.96,5,1
9458d301-8c74-42e5-b994-854c0ed147c8,510,9,24168.08,13306.97,4,1
b79d3d32-0bf1-4342-a142-627da9605bbe,453,4,41101.05,40754.23,3,1
133cff83-509b-4edc-a643-74a3b87e1760,755,1,2206.87,99.01,0,0
bf0bedaf-2546-45c8-a46d-d204a55f2182,594,8,21069.69,4273.32,5,0
3080b2bf-9264-463e-bfc0-9318f276fccc,774,3,8050.07,2970.76,0,1
3c2fc669-061f-48ea-adc2-a41295c6051d,528,1,35838.59,26821.55,1,0
ffd99888-1239-4e1b-af7f-975666e94995,769,1,48341.05,33670.59,0,0
8ea41882-70be-4657-85a0-bf852937ab99,579,9,19361.42,12188.74,1,0
2efd940b-3579-4f5f-bd2f-ca0d92f02808,456,10,10182.26,9156.46,1,1
7f6c847b-9fd6-451a-805c-1dea9de0a8ea,641,3,38111.58,16214.39,0,1
d5002907-a0dd-4ffa-b382-ebd7f9271238,464,7,19061.1,10806.96,2,1
cf329f48-b9c0-49bd-b42c-d3175e8ecb04,471,3,41832.24,19122.65,4,1
49bb3b47-89de-480f-a025-b827c05535d8,486,5,48771.28,16867.73,1,1
8b8ecb94-1bd3-46b2-849c-64e91c621506,396,7,29869.66,18882.9,4,1
c198e559-46b0-4f17-bfd3-93b8d9dd71fa,478,8,3829.4,633.92,0,0
836bcdc5-9542-4d8f-baa5-507c0bb05709,797,3,32847.89,19333.97,5,0
66f12ae5-52c5-4a55-bcba-69f2f07890f3,366,5,28737.01,5718.6,3,0
edaaa403-c5d5-477f-9ecd-a7862c758e81,412,7,45659.79,17828.14,0,1
b308a7e3-6f0f-4bef-ba95-0d211c902e9f,410,8,11585.67,9845.64,5,0
fb78e1ac-9afd-437e-8930-7d9400bf5877,568,1,23066.24,22658.07,5,1
411ffe09-2459-4ffc-aa59-a7f42948734a,549,10,4095.45,3309.84,3,1
e29305c4-1d3e-4211-95df-680412a7e2d0,809,3,5086.56,5011.35,4,0
e52d50ac-463a-44c1-99d8-b0ceb342b0f7,566,1,33552.88,19286.02,4,0
eb845af0-cf31-4a12-befb-83b88ec1256b,394,8,41141.9,27437.47,2,0
83483567-10f3-4a48-a478-2cf92a76e420,615,1,48590.32,23856.46,4,1
cf4fe233-5718-4f93-9b0c-c0b2c752b782,593,10,42387.21,6404.07,0,0
63420ef9-a16f-4a4b-ab8b-8ef46f700fb7,390,9,44568.65,15659.71,1,0
ee676538-9f17-40e2-ae1e-b641ce0e375d,574,10,45056.8,16475.38,1,1
58f07c11-949d-4dee-b95c-237074b3238f,796,4,47343.03,40275.49,5,1
fd97cc16-f371-4c20-83a6-3a30647baefa,595,9,41509.88,25512.06,3,0
c9ebbe3d-0cb6-492b-b413-f0c244c019b3,775,5,23612.3,21836.92,0,1
4b053c72-4320-41c2-8a0b-d44ceafa4d7f,783,3,4084.44,951.58,3,1
63aad119-445b-4386-a2df-6f7702179b13,801,7,38114.73,6171.01,2,0
32d70f7b-aa8e-46d8-b754-8a3f6700288f,367,5,35661.52,23574.12,5,1
75f73cd8-bced-41d5-b396-fb76a882b502,612,1,3146.03,737.07,5,0
2ef1f348-4065-4d1d-a95a-6075fcbef2bf,465,1,12332.95,9297.13,2,0
f48f95ae-9874-47b7-80da-7e938b84ee2e,693,2,37468.73,13009.84,2,0
c849b92a-279d-42cd-bb1f-4f043e84fb8a,765,5,5899.32,1448.15,0,1
8ec5a0f6-e3ce-47c6-ae3d-ca2ac7e564ae,403,1,18989.57,6399.7,1,0
2ac0df8a-33b3-468a-9aae-c845b42704be,358,9,17583.03,11829.89,2,0
75f59cfd-6ce4-4b18-b154-3139cd275050,529,6,32991.9,25468.45,5,1
b10bb2ee-3ad9-4a1c-b390-3a53a4f0bb66,448,6,22426.07,3797.75,3,0
66dd9bae-7d09-4973-b61a-9b7e048116e3,463,2,34484.17,25728.43,0,1
4f006b77-2426-4d38-bc40-08797f6b9254,555,9,9326.09,4747.14,0,1
4df77131-5ef8-41dd-85e9-4388454c2b04,850,4,27717.59,23001.66,2,1
4aa0cbf9-ea8e-4dde-ab28-a916211813d9,571,1,45377.73,44655.91,5,0
d4ebd76c-71e8-4ca8-9750-1509576e8b4b,419,10,47282.85,33202.63,5,0
cce65fe2-b7d1-43c7-aa71-a0fc5560d8dc,542,4,35023.21,9436.91,3,1
7f3c0c57-0757-485b-ad83-6eb97daa1807,446,2,31509.41,26184.72,5,1
cfae91dd-85a9-40a3-9278-a8c76b17f808,824,5,48646.46,47370.69,5,0
e3f4500f-6239-4297-ab63-912da5d5d24b,475,8,31537.45,23490.06,1,1
f98d7912-f5ae-43bc-9a08-3f95a9e93001,349,8,17512.48,9691.01,0,1
4470ee3e-32c7-4f2f-ae3b-9ca10118774a,637,3,5089.01,2266.69,1,0
7f8e3305-9b5a-4850-8ebb-c0bb11a5d41d,646,5,1244.1,512.25,0,1
bb64c529-312a-470c-8944-00ca45118b35,600,5,28758.07,20971.45,4,1
0cdc9e8a-ab1b-49bd-a773-83b2f1981174,457,5,2470.72,393.48,1,0
621f3d21-0ed1-4418-8af1-313110b690e7,828,2,34382.41,894.28,2,0
1fcf5d52-5ad1-4ad2-82f5-5ff96428451a,533,1,2416.09,2213.05,1,1
65a4d349-8fa6-4075-8dd9-3c82f741c79a,460,3,42653.42,33880.48,1,0
7d1c249a-fc65-4922-b130-1d0ead39ef8b,594,7,3177.39,1612.03,2,1
62f5e606-eddd-4626-abfc-62aa3cd7ab17,527,1,24802.81,12722.93,1,1
31ec5605-2f16-4dad-8132-fa2edc7f9325,429,8,34998.91,32618.69,0,0
321558ad-8afa-4de8-a37f-f1ce0040b08d,732,9,30418.93,7787.76,4,0
dfacb71d-f030-4783-bea7-51f4bfefa80f,650,1,48524.09,34713.87,4,1
ca22752c-522f-4a7a-b6f5-5fe4a3a0ff5e,304,1,26336.78,7082.94,4,1
4692d3a1-2e8b-4957-905a-e8a33fbcd914,359,9,48714.72,6815.92,2,0
b1a4d51c-1b8c-463b-b137-ff3ea1d9fe25,698,9,16361.11,5313.48,1,1
816f7f3e-3dc2-48ae-9f9e-98529f0b5a5c,670,4,2610.99,546.54,3,0
87ffd3af-86a0-4c04-81ac-8c7f0609120e,792,9,13983.12,6897.36,4,1
4afd768b-744f-4e66-a848-fffaf8693ba8,824,10,32508.93,29408.09,2,0
56082b5b-49fe-47c6-b8c2-3b66e090b724,614,9,31322.62,9050.63,5,1
f8888ff1-cdbc-43e5-8b30-c6f2d3867682,432,8,23373.83,12147.07,3,1
0ca4281e-d409-435c-9c55-b202defe3bbf,607,3,22871.83,18083.09,1,1
68cf3a6d-7e66-476c-b5d5-9623074d9276,680,3,33267.23,4671.88,1,1
687b459a-10bf-4b96-8447-44f2b4e309e0,350,7,23311.18,10879.43,5,1
543b8ecd-a75d-4041-9198-bfb81c4892f0,386,7,43216.61,1072.02,3,0
1620ba65-7134-495d-8e3e-421950ae13ce,380,2,32455.17,1201.06,4,1
fdf2bfdf-1032-4172-92bd-9bc749ea6938,772,7,13977.36,13566.39,4,1
aab1ac81-3195-497e-b444-772ce46723b3,605,3,47686.35,22756.06,3,0
4e71e037-0613-4e25-a730-a9b5107ef241,836,9,13332.89,2615.83,1,1
7e4fb876-0947-4886-bd7e-809ece8d51b2,541,5,28234.32,16499.85,5,1
0d0ab568-2cbf-4886-96ab-5c0559d6b6d3,785,8,45740.28,5805.21,3,0
ef08bf4c-6552-449c-b78e-19c3848fcac3,802,7,43390.38,17763.95,3,0
239d4f89-67c2-4416-a195-708d017610b0,688,5,1439.78,950.97,0,0
78897f5d-dc33-434e-bb22-769866c4e5cb,507,7,13130.65,210.74,5,1
f00d6790-fe2c-4790-8a75-091aa27aa5be,447,7,2734.41,2359.97,0,1
da676931-987b-4446-a77e-fff1c3e04786,472,6,35529.36,3263.96,1,1
ac6b702c-32ee-429b-8dc8-be359afd263c,313,9,30523.08,24740.77,5,0
90319c5c-6555-4d8e-8848-2e2aab0078ce,558,5,26919.36,15385.7,2,0
4c6a21ad-93ea-4f90-9363-fdfb0c786098,353,9,39228.61,23670.74,0,0
777a68d2-f136-4057-9f00-cf7840e0bc65,773,9,26302.47,11326.43,5,0
b97a3df5-6927-4550-af24-256c5f9bc10b,526,4,27562.53,13497.91,4,0
0cf04066-0330-4fe3-99f2-4e9436084809,687,7,42329.2,25212.85,2,0
0cd24ea9-aac9-4c04-88e8-2a5781bca124,434,8,29144.99,18582.03,1,1
4444a17b-a779-4411-95b0-c4df20d21e23,720,6,10178.81,8384.33,5,1
dcaa3f3c-e517-46d9-a2d8-ee7d942bf2b2,619,10,10308.09,1216.95,2,0
1c19ed28-ceb5-41eb-a873-83b602429dcc,734,6,1984.2,1436.94,3,0
b5715b6d-63ae-4871-becf-0e0d236d1bd0,568,5,2747.78,2222.8,4,1
2e87ff42-1a46-4985-9060-6dd02ad74eac,682,5,19208.62,5375.83,5,1
34c65dfc-61a5-4452-a893-4f3392ba6d3f,400,8,7262.4,1075.41,5,1
7fcb1b0c-5bab-4284-a080-ca453ac87cf6,353,6,49123.18,35819.6,4,1
47e33c24-0798-4f70-a515-c0960de44e65,486,10,28744.6,7098.94,4,1
8f798eea-7c41-4515-9127-606c354d3582,456,10,20868.1,7552.44,0,1
396f6f60-230a-4e63-800d-f836f5754610,462,10,19847.2,1894.88,0,1
ab3bbd11-b659-47f4-a34f-04a8f57b8d85,441,10,1537.84,776.1,0,0
38d96a64-4342-4458-94bd-bc36ea13a0b7,583,1,12935.39,82.99,4,1
eafd4004-a719-48d5-b54c-ee91aaba594e,679,8,15881.17,3548.83,4,0
1d21b1e6-a84f-483c-ba86-ca262f8610a1,731,8,7527.26,2569.98,0,1
3b6c06bf-4ca3-403f-b91f-0d3d519ff473,404,5,15152.07,5016.91,0,1
e0b158f6-c85f-4b1a-822c-fe87f9ae9e48,763,4,36622.51,6824.14,5,1
26ba2e11-629b-434b-8b99-93b07b595cba,742,10,28024.75,16140.41,3,0
eebabbb8-bd37-47b2-852b-e476d3855790,751,2,34383.43,1962.55,2,0
f7c320fc-becf-4dbd-80e6-2aa324cab991,558,1,29467.95,21730.1,4,1
18cf0100-e28c-4fda-9041-e6a8ae062d7e,479,2,49159.74,48739.1,2,1
408ef011-652d-4380-bbbb-691424f5a734,356,4,41815.07,39800.58,5,0
374a8643-9e36-44eb-8242-ab05725cf8bd,643,9,4147.49,567.04,0,0
fee5dac0-f459-411e-931b-57b30d9da696,649,7,29740.21,221.74,0,0
f978c535-209c-46e6-9336-828edec7271a,835,9,16127.08,7118.09,3,0
b0c84e7a-7170-451d-9c94-3b597bc97930,533,10,15052.99,11668.78,0,0
6a991a54-cb7c-4495-acc1-a5a5d980d765,427,1,4026.2,2592.98,3,1
75ea281b-21ec-4e8d-91cc-3fccc25e7e0f,838,9,44969.19,37513.81,2,0
ad42e8fc-d9d2-4b1c-9076-1354aecf2ba5,504,9,14814.99,13999.1,4,1
34eb8629-69d9-41f8-96b2-927a9a291116,419,4,40930.06,27335.32,1,1
8892c7de-7cf5-48ab-bc2e-86c905cf7bb6,505,3,33542.95,6641.8,5,0
5a3cf210-98f3-4b21-bb81-b2625eb11647,560,3,27436.69,25108.0,4,1
d6210a8b-17ce-4827-b9b4-6fb6d16a852e,538,5,10221.64,869.22,2,1
387cd678-1c25-4bc5-99be-c684cfe6dd2d,658,6,9425.88,3655.41,1,1
86d8e9cb-7707-455e-9f5c-ff8c75c46adf,603,9,49219.12,36366.34,0,0
ae2038d2-c755-42f6-89b0-545294049534,528,7,33628.93,12613.99,3,1
a8c91398-c3e7-4214-a03c-fa6e22c056db,695,1,41234.09,21128.69,0,0
cf11bc07-afd5-4d3e-88b1-5271cfc3457c,742,8,23976.79,8377.98,3,1
87f314ae-0eef-426b-8c1f-79ece14fe7b0,583,9,42948.91,23758.82,2,1
0d806479-4386-4b70-86fa-1cd591155fb4,786,1,37154.01,2632.3,4,0
280922e9-3761-43bb-9c71-3da72a943550,838,10,24059.26,14059.38,4,0
0a4e5f10-f1f1-471c-a0f5-be39d14991f7,484,5,8628.23,2365.65,3,1
3a942907-4147-4988-b2f5-30b58c53fee5,440,6,41138.52,19086.16,3,0
46ac5d33-f8bc-4da3-a9a6-26aff4c8174c,763,5,37989.94,23509.58,3,1
ac87b201-617b-4c1a-9d09-389f2dbcace2,679,8,23712.94,14917.98,0,1
56f82039-1266-4de6-975d-07965da1ff04,435,2,32885.93,11785.99,0,0
d1c6c2d1-b08e-4f81-b55c-b30e4d627ecd,309,8,8261.81,6593.46,4,1
15ecccb2-c430-47eb-8894-772a831c51ad,829,10,33446.5,33285.75,2,1
84c812bf-53fb-4f80-8e88-9ba76b7a9b9b,833,1,2360.44,1363.07,4,1
a062bee7-5336-4bf4-805b-6d14d4f8ef7f,472,4,40059.41,16928.2,4,0
790e6b47-798f-4fa0-a4ac-c42fbe8f2930,373,3,35684.21,7411.46,0,0
229faa67-5c03-4faa-95ed-193c33ea9de1,693,8,6933.31,288.87,1,1
87ea2a05-fdeb-405c-8af8-7de34fb6c6b0,346,7,40464.94,31079.0,2,0
3970c94f-8742-4b76-a1ff-b106c02f0507,609,9,46331.31,28.5,4,0
cc5176b9-1e08-4c67-9374-33e7502bbbd1,577,10,7620.03,4324.58,2,1
5bc30ce9-6774-48c7-b38d-bf59ca462efb,378,9,39521.36,25799.91,4,1
5400c5b3-599c-47b1-bd9a-8d620fd4e9a5,691,5,36499.02,5116.7,3,0
144e0906-9b49-4c4d-808e-80b8ec96abcb,378,4,19488.63,8980.18,0,1
bffb8dad-6df4-41ce-aba1-1d45269a4cb7,668,1,7504.12,2136.69,3,0
921fb534-4ed1-4780-a4fa-313c7ca6243e,739,6,11437.04,3229.21,2,1
c7f81e9f-1e8e-4901-b7e3-57c3b2adb23b,723,3,34008.02,10911.04,2,0
6d75493d-430b-42fb-a354-db83bb83e6aa,384,9,16409.72,7825.65,2,1
463417f9-553b-45b0-819d-783910a9cbe6,691,1,43069.04,1043.87,3,1
44698324-8e94-4162-ac84-80d217d1c4dc,376,3,6711.52,1079.15,3,0
18a249c7-fcb0-44f6-9614-5d15938a6288,697,1,18326.59,10853.67,5,0
fb93e830-10a9-4bc5-8c4d-a80d67b31544,482,4,45097.32,36046.14,2,1
4efa63b3-8b69-4118-8c5c-5367760fb2e3,329,1,9459.56,8988.28,4,1
a2a97dc8-991b-474c-80ae-0258874e97a2,691,10,21415.38,2831.82,3,0
9ce4ad5e-979b-4c38-b0b8-9a91c41e364a,798,3,8156.31,7433.75,3,1
cda31732-2935-48c1-9fc5-b2ad4cd6709d,660,4,43371.02,39484.43,3,0
821f0a2a-3b6a-46ed-babc-fd5bfa593ec0,748,7,5530.75,2414.1,4,0
ec24cd79-7663-4757-8a23-7e526c72cb6e,609,2,48037.7,44748.85,1,0
eb5f1a81-9752-4fc4-b0c6-f9697eaa3e6a,458,2,12232.08,1690.81,4,1
846a948b-5b4d-49d5-bf29-9f48e17d0dcd,359,5,29182.02,16795.36,0,0
8f5b8875-6a4d-490a-b52d-5bfc4c4267e7,584,6,27041.84,22945.08,3,0
5fc8ccfa-693f-4877-b1b2-4cdcc2be872f,655,3,11315.13,541.98,5,1
4f49fc19-0ba9-493a-95d3-99aa4cd3614c,537,7,47472.22,38172.51,3,0
07db7543-a6ab-4c10-a47d-a28adaea755c,536,8,3365.42,1167.34,3,0
77b41e6f-1180-44a7-97b0-ddcfea21cfa0,570,7,2717.08,533.13,5,1
81f02f33-d07f-41f2-89a8-836647067afa,415,8,17285.9,2718.81,3,1
75fcfbf7-8fd7-45ce-9bba-2e80dff62992,661,8,46162.45,25190.47,1,0
505c2c86-c3c7-4948-9984-8466b3d5c3b9,445,10,14210.61,3479.98,4,0
350d01bb-79f5-4172-b031-bae282189100,370,3,10391.66,1956.5,3,0
15c746cc-3d43-4bf6-8044-18a1907b26ee,822,6,48334.27,5733.81,2,1
cbc93cb4-9375-4b77-94fe-3d6c9f4b7c74,566,1,9580.14,1277.13,0,1
56457609-8922-45d7-9a07-e184d8205d51,363,2,35637.63,34029.68,5,0
4b06df5f-f3d7-4285-afdf-e37db17bc4fe,584,7,26559.84,11284.26,5,0
3280cce6-224a-45eb-8922-c3f9ac753450,488,4,30964.23,7679.63,2,0
90d15f0c-7613-4387-bda5-8659be78c6a7,489,7,33648.82,2213.02,2,1
820f8f64-021c-4ebb-bf29-31c93c075521,377,5,38415.89,19115.74,0,1
f42fa94d-f329-420a-887b-2a902bfbcb69,411,4,46502.74,34195.29,3,1
b5022561-a37d-4a52-abed-8196a5730432,492,5,13550.86,9521.49,3,0
97d61da1-97b9-4f5c-b208-7b9a1bf9072b,804,5,26712.53,17596.62,0,0
ce113577-df2b-4834-8ab0-fc27f045d549,744,2,39481.38,33753.14,1,0
9f314b10-8fe4-4e82-a875-9438a4011323,489,3,6886.96,6609.54,0,0
997a2def-1a56-4b95-8c97-c2199ab6d822,718,6,6735.37,6050.39,5,0
c4067606-da3b-4112-83e3-4092ad2afece,770,10,7293.68,3349.9,4,0
323b541e-f002-4801-92a1-e12e1a62766c,581,6,29177.4,7982.63,0,0
5962eb03-b7a2-4d3b-81fb-5b85579e307d,512,2,8941.54,3238.18,2,1
15865e3e-3067-4fea-bc15-fd43f863ece2,515,6,19793.4,15623.14,3,0
b6754d09-64af-4a8b-a16a-9c406586f06b,563,2,43603.0,40079.93,4,0
891d129f-18b6-425a-91a6-6cbe3437fae2,403,10,2838.69,2138.24,2,1
804ca463-0906-490d-acb2-89dd924bba4d,489,10,22267.99,21548.62,3,1
9431f4fb-e80d-479e-b554-d0d2cf4da69d,675,6,17485.82,10248.23,1,1
0d2e89e7-bff4-40f8-840e-1ed222f8f747,808,3,30939.95,23838.38,4,0
dc348c65-545b-4df0-964e-a8d627047717,776,6,20103.47,7684.55,2,0
c62e0454-36e2-49bf-a41c-97216d2fb6d4,756,8,43680.4,40833.94,3,1
c36246c2-b243-4bf1-8737-ab4c9e110ec1,420,4,44679.88,13694.37,4,0
fa2d2505-1f0e-44f5-ab51-105af059b84b,723,9,27435.21,22250.81,3,0
3bbbac28-b50b-4450-b25c-f03dd95da997,634,10,3559.76,2967.07,4,0
d2a3065f-8202-4148-9696-816b26484769,524,2,37681.68,27359.43,4,0
600daa86-57f8-4f81-865a-983264bf16c3,636,3,27735.89,4292.95,0,0
e0e05d14-038f-444c-95ff-c42d97626adc,562,7,7478.65,5927.48,2,0
7247b15b-0233-4a7c-8f7c-1ca26cb2b86f,637,10,29653.2,4680.19,3,1
84be7e26-ab22-4052-9cce-480dae42cbe0,483,2,11194.36,2396.25,4,1
7740a9bd-8416-4c28-bc61-e4fe0db872d4,546,8,26515.39,7743.44,4,0
a706ec21-60c5-4b20-846b-95e9de231b12,655,1,38217.52,692.49,3,0
6df0ba7c-3dde-4644-affe-48571b7fde57,636,8,25477.21,20295.51,0,0
ae94232e-9cae-464c-b274-be644d530ce1,332,4,26109.15,11074.41,1,1
0cad488b-f5c8-4b52-adb0-0fdcc0c55d4d,413,10,8348.14,4954.94,5,0
a6a19596-dca4-4a35-abb5-1335f0fb35f5,618,6,14327.51,2575.24,5,1
eaa5c809-5bae-4c6d-8235-8678c4c4ee1e,847,4,3884.3,2338.16,5,0
bf40689f-357a-4a70-8c0b-af2709dbbabf,406,3,4388.21,548.26,3,0
fe0dd185-f5de-4312-8f6c-411be100d27d,515,6,32307.83,19424.46,4,0
bccd914f-1cf9-493a-94a4-ace0ba2bd3a2,616,1,18961.69,1180.18,4,0
926cdbd8-620f-4b2b-844c-a9c662a8057d,366,10,19151.01,18784.79,3,1
e37706ee-5f26-4b11-9d4a-42f7e7169151,433,3,42977.77,6364.78,2,1
657df43e-a0c2-4422-b663-57914efa3f3b,818,8,19201.2,3031.87,5,0
c39906c7-8e3c-46dd-b4c7-1bdf5155bb1c,422,7,37427.61,11950.66,2,0
e223d7c5-6a10-438a-8c92-543b4b2927a9,690,6,30283.78,22555.52,4,0
f6997a6b-b227-48bd-8d44-dc2c8ad2669e,813,6,5495.54,2026.0,5,0
a5335b37-6b51-4301-902b-5262cfa28bd5,638,5,32916.54,28424.1,4,1
7d0f0cd5-1f70-4cd7-931e-1f5189976918,340,2,45768.84,19575.72,3,1
d06842ba-ae33-439b-8ac8-bf0baa3fb92c,588,10,15527.97,10905.19,1,1
9a171e22-819c-47ee-b9e5-c86df53d2a50,553,2,10296.2,1309.5,1,1
24300cef-dcf8-4d6d-9485-cc5e04ea64d2,646,5,33535.61,33513.82,1,0
e166bf98-cae7-4ea2-9a8d-5615a5226e4b,642,4,21609.52,9258.22,1,0
590bb423-cee7-4b89-80a3-679e08c1ac86,438,3,19799.99,19217.87,3,0
1b72eff8-886e-49d2-9e51-1322044abe29,696,4,42692.1,17323.78,0,1
938ffc97-e500-43c0-a8bb-9725611bf4bf,572,4,36193.98,35592.09,1,1
7d444609-e5da-49ad-a06c-7240272f2f76,620,10,22730.35,7921.05,3,0
063e62e2-79ac-40c8-8f50-a1618805cabe,304,8,10942.4,5253.82,4,0
31f4f223-999b-4b17-b5e8-bad5e5e41003,572,5,35489.32,8489.33,2,0
51b22324-4477-4af0-b230-5091639fea04,460,9,1851.3,1605.15,5,0
7d0bc337-d666-4cb6-9435-7d95831c5675,427,2,4767.53,601.11,5,1
3dbe06c3-a721-41ef-9ec9-3061e5bc86fd,629,7,25953.55,18307.23,2,1
9cbb41ba-4b5a-41ae-ad6f-e5ffcc6b8ce6,686,7,3393.8,269.85,3,1
60263bce-d982-4641-8c9d-c3e51e6c92f1,435,10,28506.42,25525.02,0,0
ac7f5fd5-0705-4422-bd14-e1616b56555c,541,2,3465.96,290.09,4,1
21504f6e-e43a-4a00-ba34-d6c2bffb4742,568,8,25416.03,15460.88,3,0
5d5425bd-b738-4799-b127-83581ea57f26,572,7,4589.73,3277.48,4,0
5625f1e6-225c-4d7d-b8f3-aa1b13893a90,487,7,42154.66,6922.84,5,1
25e45291-c12e-4bcc-83ea-ca9c853f9bcb,442,6,39034.84,38610.22,2,1
7bbc9730-d071-4cbd-9d56-d88eb6e45824,715,6,42727.45,7389.24,4,1
196242a7-c28e-4ddc-855c-ce28b1661fe5,790,6,19966.13,10510.01,1,1
c353c124-c774-4ff9-bff2-a7444f153685,414,2,2098.65,561.7,0,0
bb87b79f-fbac-4d26-b82d-3b3a129a6f42,685,3,43554.69,38739.67,2,0
5d7da1aa-4bbb-44ca-8ec6-d41f4a9bfe28,761,1,9953.73,1226.48,5,1
07897812-29f0-4ff5-986b-b1bfb0849628,822,10,49046.53,35485.67,0,1
62cc3d2c-0bbd-4949-ae0d-144f2d04c430,390,7,25587.44,23817.86,5,1
0cbdbd7b-d728-4c44-b142-3689cf42af6a,649,2,21717.11,10204.74,3,0
f517b24c-e329-45a5-90be-3009b733c813,491,4,24879.64,16622.33,3,0
ffdab496-67c0-4191-86e6-6d628b691f77,526,1,19708.27,14452.93,1,0
f9d463a2-9333-4bf0-a863-a1c4322f90f5,330,3,36126.38,30839.81,2,1
ab26970c-c4ae-49dc-b0c9-6e760b19a0d7,471,8,24628.41,13695.22,4,0
4b2b38c7-f1b9-4e48-b786-30cf582ccb6a,590,8,47151.81,19149.49,3,1
747d0cf9-0e99-41a3-bfbf-a272a6f35685,847,9,38022.96,21564.53,0,0
